Parameter,Mean_log10_Fisher_diag,N_pairs
k_elim,3.885610256171862,16.0
k_feces,3.7887659884256353,10.0
k_ehc,3.7111182889144843,10.0
k_urine,3.2509098380878645,4.0
k_a,1.769806115685608,16.0
