Parameter,Mean_log10_Fisher_diag,CI_low,CI_high,N_pairs
k_elim,3.7071837383512074,3.4345222268675077,3.979845249834907,15.0
k_feces,3.099545513083873,2.7481658513264193,3.450925174841327,9.0
k_ehc,2.9916886320774676,2.6181909825163734,3.365186281638562,9.0
k_urine,2.0914167852306447,0.8597411602297877,3.3230924102315016,4.0
k_a,1.0222153857993734,-0.43127304475444683,2.4757038163531937,15.0
