Animal,V_urine_median_L_per_day
E2,1.350295260845219
E3,1.9699067054950978
E4,1.110858764911932
