Compound,Isomer,Animal_Excluded,k_ehc,k_elim,k_renal,k_a,k_feces
PFDoDA,Branched,E2,0.0,14.94894292425018,0.0,0.040698749427573955,0.0
PFDoDA,Branched,E3,0.0,10.728061027333885,0.0,0.039542351585389525,0.0
PFDoDA,Branched,E4,0.0,13.043158323805036,0.0,0.03747705551271027,0.0
