Compound,Isomer,Animal_Excluded,k_ehc,k_elim,k_renal,k_a,k_feces
PFDoDS,Branched,E2,0.6834232084647612,5.098655033761467,0.0,0.23938238675808735,0.052928444071714625
PFDoDS,Branched,E3,0.7288595984572702,3.5095545265332038,0.0,0.2823647240163102,0.06147155048731655
PFDoDS,Branched,E4,0.001401295275602088,4.768794533569444,0.0,0.16659689627295718,0.05345430205951811
