Compound,Isomer,Animal_Excluded,k_ehc,k_elim,k_renal,k_a,k_feces
PFUnDS,Branched,E2,3.931196234155871,3.206692330066623,0.0,0.23165198714213467,0.01697183641271929
PFUnDS,Branched,E3,98.92582002221177,1.9507060863721972,0.0,6.888724775334336,0.02255437485637214
PFUnDS,Branched,E4,18.553583687811937,2.0767505988759374,0.0,1.180431186322577,0.02366887830341026
