Compound,Isomer,Animal_Excluded,k_ehc,k_elim,k_urine,k_a,k_feces
PFNS,Branched,E2,22.78002982507642,0.22283104627252026,0.0010901506275856445,11.640685338541836,0.013260881254841797
PFNS,Branched,E3,0.5787861997013324,0.1971171600118747,0.0011593110967974608,0.5004032495727326,0.015302470965744903
PFNS,Branched,E4,78.21829711369678,0.19328014346775643,0.0013533283236062403,45.48721830178946,0.0177794497881777
