Compound,Isomer,Animal_Excluded,k_ehc,k_elim,k_renal,k_a,k_feces
PFNS,Linear,E2,54.71518546157052,0.38504323411346425,0.0,50.19479858345185,0.04440694542059708
PFNS,Linear,E3,24.200526904510347,0.2107461439823388,0.0,234.46866001372447,0.35661831559206114
PFNS,Linear,E4,167.60388339061382,0.28773255278827203,0.0,219.10398205247063,0.060992790907545565
