Compound,Isomer,Animal_Excluded,k_ehc,k_elim,k_urine,k_a,k_feces
PFDoDS,Branched,E2,0.33400384484188783,0.8958823468792905,0.0,197.35984436577377,242.39821383889682
PFDoDS,Branched,E3,0.498078367817538,0.7283012887697319,0.0,67.64173175378794,53.72987530186217
PFDoDS,Branched,E4,0.5261430374052921,0.5490620566540707,0.0,102.7304757117409,112.11620426121952
