Compound,Isomer,Animal_Excluded,k_ehc,k_elim,k_urine,k_a,k_feces
PFHxA,Linear,E2,0.0,316.22776601683796,316.22776601683796,100.0,0.0
PFHxA,Linear,E3,0.0,316.22776601683796,316.22776601683796,100.0,0.0
PFHxA,Linear,E4,0.0,315.94108114197525,315.3053171336755,100.0,0.0
