Compound,Isomer,Animal_Excluded,k_ehc,k_elim,k_urine,k_a,k_feces
PFNA,Linear,E2,0.0,49.410154095877594,0.0,312.402005075324,0.0
PFNA,Linear,E3,0.0,24.488781928429013,0.0,261.3525488874823,0.0
PFNA,Linear,E4,0.0,35.87493368639754,0.0,277.5946835450148,0.0
