Compound,Isomer,Animal_Excluded,k_ehc,k_elim,k_renal,k_a,k_feces
PFBA,Linear,E2,0.0,26.398987459281845,232.2712963004445,2.3300277370076583,0.11108469765789038
PFBA,Linear,E3,0.0,26.835430900735464,162.8817484959254,2.414602644022861,0.06497287632243247
PFBA,Linear,E4,0.0,26.940183438237586,153.42364091757509,2.343412004779243,0.09662388589267566
