Compound,Isomer,Animal_Excluded,k_ehc,k_elim,k_renal,k_a,k_feces
PFDA,Linear,E2,0.0,0.15400271536012247,0.0,248.3053463472688,0.0
PFDA,Linear,E3,0.0,0.14157339058785728,0.0,278.7691076240084,0.0
PFDA,Linear,E4,0.0,0.14194267540402392,0.0,312.6222852695578,0.0
