Compound,Isomer,Animal_Excluded,k_ehc,k_elim,k_renal,k_a,k_feces
PFUnDA,Linear,E2,0.0,0.16538083275307278,0.0,286.3695180090197,0.0
PFUnDA,Linear,E3,0.0,0.15598524170605588,0.0,230.97738600880487,0.0
PFUnDA,Linear,E4,0.0,0.16329418071488752,0.0,216.2943111848488,0.0
