Compound,Isomer,Animal_Excluded,k_ehc,k_elim,k_renal,k_a,k_feces
PFTeDA,Branched,E2,0.0,175.50021352031354,0.0,0.41920945473018073,0.0
PFTeDA,Branched,E3,0.0,126.11260552038515,0.0,0.42033754271730267,0.0
PFTeDA,Branched,E4,0.0,183.01423069452102,0.0,0.42824239637721145,0.0
