Compound,Isomer,Animal_Excluded,k_ehc,k_elim,k_urine,k_a,k_feces
PFTeDA,Branched,E2,0.0,239.18339800961385,0.0,233.74599280702867,0.0
PFTeDA,Branched,E3,0.0,111.28443185023198,0.0,185.0324883669667,0.0
PFTeDA,Branched,E4,0.0,129.75740597886448,0.0,103.2800869290427,0.0
