Compound,Isomer,Animal_Excluded,k_ehc,k_elim,k_renal,k_a,k_feces
PFOA,Branched,E2,0.0,8.69518863194478,143.06902097731052,188.82908956256935,0.0
PFOA,Branched,E3,0.0,6.3623958807192755,110.3050222344119,82.80404391538066,0.0
PFOA,Branched,E4,0.0,6.0964190284277056,109.20658159443892,188.14093346633604,0.0
