Compound,Isomer,Animal_Excluded,k_ehc,k_elim,k_urine,k_a,k_feces
PFTrDA,Linear,E2,0.0,0.2623111381613261,0.0,250.56739573123886,0.0
PFTrDA,Linear,E3,0.0,0.1788902169260131,0.0,279.99803566123575,0.0
PFTrDA,Linear,E4,0.0,0.20299655132618052,0.0,118.67196318131549,0.0
