Compound,Isomer,Animal_Excluded,k_ehc,k_elim,k_renal,k_a,k_feces
PFOA,Linear,E2,0.0,11.70938873004923,55.909446974559124,1.3734160946772,0.003725966638741228
PFOA,Linear,E3,0.0,9.891385922645098,45.75784889609139,1.5159885056334446,0.027618095557927658
PFOA,Linear,E4,0.0,10.495842757233902,51.27714746691406,1.5904754360729072,0.02985388624976396
