Compound,Isomer,Animal_Excluded,k_ehc,k_elim,k_renal,k_a,k_feces
PFTeDA,Linear,E2,0.0,34.52639688419942,0.0,0.3770465535477449,0.0
PFTeDA,Linear,E3,0.0,21.144308613578264,0.0,0.38438593399472776,0.0
PFTeDA,Linear,E4,0.0,32.83343745398433,0.0,0.24715778897586593,0.0
