Compound,Isomer,Animal_Excluded,k_ehc,k_elim,k_renal,k_a,k_feces
PFTrDA,Branched,E2,0.0,55.229501900773094,0.0,0.28081505046240335,0.0
PFTrDA,Branched,E3,0.0,38.29918794510378,0.0,0.2481173816701333,0.0
PFTrDA,Branched,E4,0.0,62.35565934906422,0.0,0.2022497062460657,0.0
