Compound,Isomer,Animal_Excluded,k_ehc,k_elim,k_urine,k_a,k_feces
PFHpA,Linear,E2,0.0,316.097509642807,315.09832179352696,182.20824654774935,0.0
PFHpA,Linear,E3,0.0,316.22775434949267,316.22776601683796,1.999165548157059,0.0
PFHpA,Linear,E4,0.0,312.6998161942211,316.22776601683796,0.7624246123363577,0.0
