Compound,Isomer,Animal_Excluded,E_milk,k_ehc,k_elim,k_renal,k_a,k_feces
PFTrDS,Linear,E2,0.0,0.0,97.19982450987652,0.0,0.05054923312214914,0.03657725889280409
PFTrDS,Linear,E3,0.0,0.0,72.27572833351016,0.0,0.0255779469671331,0.020217146514367276
PFTrDS,Linear,E4,0.0,0.0,93.04033767730623,0.0,0.02091167495157858,0.01580633296448395
