Compound,Isomer,Animal_Excluded,k_ehc,k_elim,k_renal,k_a,k_feces
PFUnDA,Linear,E2,0.0,0.1453773603774786,0.0,700.4181004966789,0.0
PFUnDA,Linear,E3,0.0,0.14080953583665068,0.0,184.40304809266237,0.0
PFUnDA,Linear,E4,0.0,0.14537787013325074,0.0,569.8656943741935,0.0
