Compound,Isomer,Animal_Excluded,k_ehc,k_elim,k_renal,k_a,k_feces
PFPeA,Linear,E2,0.0,26.76115454887412,314.12514796359983,0.00114492543713043,0.0023532508782223784
PFPeA,Linear,E3,0.0,19.676582729324448,297.4162267267847,0.0010951482013162933,0.0020302160599539386
PFPeA,Linear,E4,0.0,25.036903234428166,315.21394090076495,0.5760812760589458,18.337046984380574
