Compound,Isomer,Animal_Excluded,k_ehc,k_elim,k_renal,k_a,k_feces
PFOA,Linear,E2,0.0,10.443392949595006,51.36779462294633,126.69584724815233,1.0269575966262385
PFOA,Linear,E3,0.0,8.047592257855447,42.4863959071116,187.0004427930015,3.8245495572297514
PFOA,Linear,E4,0.0,6.785781497747205,36.04731500618863,214.129256142455,5.453172044319122
