Compound,Isomer,Animal_Excluded,k_ehc,k_elim,k_urine,k_a,k_feces
PFUnDA,Branched,E2,0.0,13.328243619487825,0.0,0.028112762756696257,0.0
PFUnDA,Branched,E3,0.0,8.123154552118013,0.0,0.02821998577262359,0.0
PFUnDA,Branched,E4,0.0,10.537014701943018,0.0,0.020729608167392513,0.0
