Compound,Isomer,Animal_Excluded,E_milk,k_ehc,k_elim,k_renal,k_a,k_feces
PFNS,Branched,E2,0.0,0.09970789079551423,0.0026125511623735186,0.005445852254835474,0.01932017936156829,0.0034595847110237958
PFNS,Branched,E3,0.0,0.004717594310701492,0.0010602260628015934,0.13520310584618267,0.011460286038464374,0.00255349628090292
PFNS,Branched,E4,0.0,0.0011229622046512627,0.009203661480646988,0.11374440454144417,0.015589231533774466,0.0033693086689035915
