Compound,Isomer,Animal_Excluded,E_milk,k_ehc,k_elim,k_renal,k_a,k_feces
PFNA,Linear,E2,0.0,0.0,68.22335442965992,0.0,0.4231603412116647,0.0
PFNA,Linear,E3,0.0,0.0,58.60298872293756,0.0,0.4201641891126408,0.0
PFNA,Linear,E4,0.0,0.0,77.39070322352515,0.0,0.789645976887244,0.0
