Compound,Isomer,Animal_Excluded,k_ehc,k_elim,k_renal,k_a,k_feces
PFHpS,Linear,E2,0.0,0.15815008654079854,0.0,18.01975058369863,0.0
PFHpS,Linear,E3,0.0,0.1458433582609551,0.0,93.91742909614064,0.0
PFHpS,Linear,E4,0.0,0.14507082181574568,0.0,214.50762759107263,0.0
