Compound,Isomer,Animal_Excluded,k_ehc,k_elim,k_urine,k_a,k_feces
PFTrDA,Branched,E2,0.0,45.64103135834736,0.0,0.3625625174110264,0.0
PFTrDA,Branched,E3,0.0,25.446376410600557,0.0,0.4975593548299007,0.0
PFTrDA,Branched,E4,0.0,34.325058002780764,0.0,0.44754896374763303,0.0
