Compound,Isomer,Animal_Excluded,k_ehc,k_elim,k_renal,k_a,k_feces
PFDA,Branched,E2,0.0,14.406138285027884,0.0,0.04268710213605161,0.0
PFDA,Branched,E3,0.0,12.091999043799477,0.0,0.08708954494446618,0.0
PFDA,Branched,E4,0.0,13.476886427209696,0.0,0.10300020170440763,0.0
