Compound,Isomer,Animal_Excluded,k_ehc,k_elim,k_renal,k_a,k_feces
PFNA,Linear,E2,0.0,34.487724207643396,0.0,0.42636954452812154,0.0
PFNA,Linear,E3,0.0,24.65529800575091,0.0,0.41413439582905803,0.0
PFNA,Linear,E4,0.0,35.65031049662658,0.0,0.7815138167662464,0.0
