Compound,Isomer,Animal_Excluded,k_ehc,k_elim,k_urine,k_a,k_feces
PFDoDS,Branched,E2,0.310367876023268,0.908410590659086,0.0,100.0,127.46303123875077
PFDoDS,Branched,E3,0.5143954548358786,0.6726030327953666,0.0,100.0,83.49235424692955
PFDoDS,Branched,E4,0.49590581856519933,0.5454004613796514,0.0,100.0,115.31652142291505
