Compound,Isomer,Animal_Excluded,k_ehc,k_elim,k_urine,k_a,k_feces
PFBA,Linear,E2,0.0,42.73480412714092,4.251145228832367,111.30618539988285,3.7601297750287506
PFBA,Linear,E3,0.0,31.57049869387538,9.460026480587164,179.1139476037459,6.378389839952004
PFBA,Linear,E4,0.0,13.848134417142342,28.067022973153986,115.68771294680019,6.629957263307041
