Compound,Isomer,Animal_Excluded,E_milk,k_ehc,k_elim,k_renal,k_a,k_feces
PFHpS,Linear,E2,0.0,0.0,0.2768243004934217,0.0,0.3098945905341352,0.0
PFHpS,Linear,E3,0.0,0.0,0.14854695554827746,0.0,0.48917410396975525,0.0
PFHpS,Linear,E4,0.0,0.0,0.28109508715486525,0.0,0.07717372465851113,0.0
