Compound,Isomer,Animal_Excluded,k_ehc,k_elim,k_urine,k_a,k_feces
PFHxS,Linear,E2,0.0,0.230016512003189,0.1694654117852702,196.85700520919792,0.0
PFHxS,Linear,E3,0.0,0.12376041894560418,0.1677664153831887,310.01637286305544,0.0
PFHxS,Linear,E4,0.0,0.10069216901811809,0.2028261404595835,208.70381529043374,0.0
