Compound,Isomer,Animal_Excluded,k_ehc,k_elim,k_urine,k_a,k_feces
PFDoDS,Linear,E2,0.09922084215344538,0.001244022313348681,0.0,8.553887083644776,277.38695837719956
PFDoDS,Linear,E3,0.10097475471815659,0.0013363806738763521,0.0,14.07763791792466,304.5569901453035
PFDoDS,Linear,E4,266.9215618763188,0.2023480661345571,0.0,4.736159124495314,0.05758571027782088
