Compound,Isomer,Animal_Excluded,k_ehc,k_elim,k_renal,k_a,k_feces
PFOS,Linear,E2,0.15474252720384052,0.07066464472452536,0.06027619293618933,0.27794007147539396,0.03763950278397486
PFOS,Linear,E3,0.22410158138174108,0.060489453793502186,0.06735037966238866,0.35561564250814515,0.03433210064074144
PFOS,Linear,E4,0.12713560190152506,0.08489164791301596,0.07035290028575893,0.2120790811692765,0.03224889215533999
