Compound,Isomer,Animal_Excluded,E_milk,k_ehc,k_elim,k_renal,k_a,k_feces
PFHxS,Linear,E2,0.0,0.0,0.14923903111018264,33.00825628023832,0.2458795427263364,0.0
PFHxS,Linear,E3,0.0,0.0,0.06559095712392875,16.866562134074215,0.26138505066357953,0.0
PFHxS,Linear,E4,0.0,0.0,0.18509605642348534,29.608211085239844,0.15985782057153902,0.0
