Compound,Isomer,Animal_Excluded,k_ehc,k_elim,k_renal,k_a,k_feces
PFBA,Linear,E2,0.0,61.54239776146711,120.09024728098927,9.910535254245895,0.26348503436246395
PFBA,Linear,E3,0.0,56.97903896105795,78.45728800104527,120.53393554030775,2.1853663384669795
PFBA,Linear,E4,0.0,48.94807197227633,106.37955278699492,73.2254728281216,2.216391589054263
