Compound,Isomer,Animal_Excluded,k_ehc,k_elim,k_urine,k_a,k_feces
PFDS,Branched,E2,3.4362889508904697,0.22756878850030557,0.0,11.622190228606067,0.1208219081684956
PFDS,Branched,E3,12.567618930021855,0.16759026393263696,0.0,286.1627555834403,0.8024760537350335
PFDS,Branched,E4,30.140662831617778,0.25407991552329534,0.0,88.01803325817045,0.10484884534420998
