Compound,Isomer,Animal_Excluded,k_ehc,k_elim,k_renal,k_a,k_feces
PFOS,Linear,E2,3.3551841207292825,0.03908834477042338,0.05227975175749861,19.941672542579997,0.15169129276816015
PFOS,Linear,E3,5.2766672139634325,0.0158539326929725,0.05502709249250957,284.0029651970564,1.4170421204492667
PFOS,Linear,E4,9.626087993319109,0.023714348401738652,0.06641204513126608,112.52354906384528,0.3258391844853946
