Compound,Isomer,Animal_Excluded,k_ehc,k_elim,k_urine,k_a,k_feces
PFOS,Linear,E2,47.47447184438942,0.03822268646419066,0.004087259752302947,215.91456018561053,0.11962958271104594
PFOS,Linear,E3,7.692881608841882,0.019713735872997358,0.004623953588930343,288.5628790691003,0.9354032805694708
PFOS,Linear,E4,21.325897011920183,0.02572966456738361,0.005305569228380297,214.05861099316772,0.27262813740625375
