Compound,Isomer,Animal_Excluded,E_milk,k_ehc,k_elim,k_renal,k_a,k_feces
PFTrDS,Branched,E2,0.0,79.61633977230238,168.41579869656385,0.0,5.180497822655241,0.08555704233675691
PFTrDS,Branched,E3,0.0,0.1364675695716507,82.14944890184756,0.0,0.3446596838831036,0.05054765038937075
PFTrDS,Branched,E4,0.0,0.9483434662839039,177.22377984157737,0.0,0.3769930825280996,0.05100296919962218
