Compound,Isomer,Animal_Excluded,k_ehc,k_elim,k_renal,k_a,k_feces
PFDoDS,Linear,E2,0.012503188065019991,8.062606541902209,0.0,0.0440850092975625,0.022953577492820773
PFDoDS,Linear,E3,0.0021587953862100776,4.7331102154072235,0.0,0.04001041154861707,0.028812413861975042
PFDoDS,Linear,E4,0.024398613215054182,4.881183745740792,0.0,0.03414828273568671,0.032317378137016455
