Compound,Isomer,Animal_Excluded,k_ehc,k_elim,k_urine,k_a,k_feces
PFPeA,Linear,E2,0.0,0.26114447410344527,72.62081921376638,0.001017529647568501,0.0020818960623255256
PFPeA,Linear,E3,0.0,6.745451228014627,59.82019375449745,0.0011146462564407687,0.0019092329378707234
PFPeA,Linear,E4,0.0,316.14798314291096,315.8592888041383,165.27162820843253,52.55352596231
