Compound,Isomer,Animal_Excluded,k_ehc,k_elim,k_renal,k_a,k_feces
PFDoDS,Linear,E2,239.61258812819767,3.260441519831144,0.0,6.145427184892352,0.038539298481208656
PFDoDS,Linear,E3,123.6833640304462,1.8971884891840771,0.0,4.957691063115181,0.04754587469547087
PFDoDS,Linear,E4,10.826172991559204,2.9460823465097254,0.0,0.275887582412863,0.03756101472264789
