Compound,Isomer,Animal_Excluded,E_milk,k_ehc,k_elim,k_renal,k_a,k_feces
PFUnDS,Linear,E2,0.0,0.4725154924922879,23.3209369591563,0.0,0.03678917421681345,0.0294792882647197
PFUnDS,Linear,E3,0.0,0.06458349638307348,12.98128849360524,0.0,0.03025833029698003,0.03536729737754289
PFUnDS,Linear,E4,0.0,0.07874670972378688,24.90861215022147,0.0,0.03006455553706714,0.029304182358722553
