Compound,Isomer,Animal_Excluded,k_ehc,k_elim,k_urine,k_a,k_feces
PFDA,Linear,E2,0.0,0.18418190350351452,0.0,303.48009471791084,0.0
PFDA,Linear,E3,0.0,0.15371511756908324,0.0,252.85346384499329,0.0
PFDA,Linear,E4,0.0,0.16546869933821506,0.0,207.94330435589788,0.0
