Compound,Isomer,Animal_Excluded,E_milk,k_ehc,k_elim,k_renal,k_a,k_feces
PFDA,Linear,E2,0.0,0.0,0.0016497116151021076,0.0,0.027402094986120885,0.0
PFDA,Linear,E3,0.0,0.0,0.001602585882836085,0.0,0.026929696200748553,0.0
PFDA,Linear,E4,0.0,0.0,0.0015916639719058667,0.0,0.022759635009611867,0.0
