Compound,Isomer,Animal_Excluded,k_ehc,k_elim,k_urine,k_a,k_feces
PFDS,Linear,E2,0.711150032610406,0.8138093167776121,0.0,100.0,6.5989408578347
PFDS,Linear,E3,1.6095152164764843,0.555658673600814,0.0,100.0,3.561748622030162
PFDS,Linear,E4,0.8173054146349982,0.6286320716462745,0.0,100.0,6.63876462431144
