Compound,Isomer,Animal_Excluded,k_ehc,k_elim,k_renal,k_a,k_feces
PFHpA,Linear,E2,0.0,440.72838882559114,997.9325392996273,0.39931733547503556,0.0
PFHpA,Linear,E3,0.0,361.5054616254149,994.331371134388,0.39652771724701114,0.0
PFHpA,Linear,E4,0.0,389.9903565719075,990.5534731361826,0.4026453377573252,0.0
