Compound,Isomer,Animal_Excluded,k_ehc,k_elim,k_urine,k_a,k_feces
PFOS,Linear,E2,65.15699169717914,0.11366601807828784,0.0028578500300492533,108.81422421524995,0.04057457508370159
PFOS,Linear,E3,2.6034975757079417,0.07615279885679595,0.0027126889664230436,18.745592291070473,0.17568704743829636
PFOS,Linear,E4,129.83864775414693,0.099275178976693,0.003946607340018159,204.19339797574142,0.044262607924388665
