Compound,Isomer,Animal_Excluded,k_ehc,k_elim,k_urine,k_a,k_feces
PFTrDS,Branched,E2,0.5656287445411069,4.09575475171679,0.0,185.3797174050306,206.9788662240416
PFTrDS,Branched,E3,0.7313537195963883,2.6726444748812486,0.0,127.41228631282853,159.87675831756383
PFTrDS,Branched,E4,0.6167125194082893,2.541094215881179,0.0,115.70262870065397,195.21562035787602
