Compound,Isomer,Animal_Excluded,k_ehc,k_elim,k_renal,k_a,k_feces
PFHxS,Linear,E2,0.0,0.03131188973674617,4.022544554413361,456.36671468042425,0.0
PFHxS,Linear,E3,0.0,0.020632078413664646,3.4806037932774982,96.38965760371995,0.0
PFHxS,Linear,E4,0.0,0.022062588656593576,3.7847202416629835,430.47113423652894,0.0
