Compound,Isomer,Animal_Excluded,k_ehc,k_elim,k_renal,k_a,k_feces
PFTrDS,Linear,E2,0.0,131.91024462507684,0.0,0.06255405074452534,0.016099980617396304
PFTrDS,Linear,E3,0.0,74.72240999867891,0.0,0.027064064641717626,0.009071651350740666
PFTrDS,Linear,E4,0.0,73.0167950745354,0.0,0.020255338445966352,0.010149962625365902
