Compound,Isomer,Animal_Excluded,E_milk,k_ehc,k_elim,k_renal,k_a,k_feces
PFUnDA,Branched,E2,0.0,0.0,21.300874298151907,0.0,0.018646776913696365,0.0
PFUnDA,Branched,E3,0.0,0.0,18.999933898207846,0.0,0.021815977131624562,0.0
PFUnDA,Branched,E4,0.0,0.0,27.160026436406984,0.0,0.015459585214506797,0.0
