Compound,Isomer,Animal_Excluded,k_ehc,k_elim,k_urine,k_a,k_feces
PFOS,Linear,E2,47.54620636940724,0.03848753720384667,0.004100381860358915,215.98021665042543,0.12038225283265186
PFOS,Linear,E3,7.689948700561632,0.019751679810123747,0.004625234205078626,288.4386041379512,0.9353179025999928
PFOS,Linear,E4,21.369386373178767,0.02573132439439962,0.005302306976250454,213.82555012774534,0.2729611851032124
