Compound,Isomer,Animal_Excluded,k_ehc,k_elim,k_renal,k_a,k_feces
PFNS,Linear,E2,0.1787860466572243,0.28135597992567085,0.0,0.2710716682190759,0.05233233142219265
PFNS,Linear,E3,0.20436875642815175,0.24549038586405017,0.0,0.3687206372246665,0.05577499986501375
PFNS,Linear,E4,0.12541644806550398,0.3004022758010301,0.0,0.19558947424909712,0.04251634045760328
