Compound,Isomer,Animal_Excluded,k_ehc,k_elim,k_renal,k_a,k_feces
PFTrDS,Branched,E2,0.003211603741162395,18.393562912737668,0.0,0.36017422500344043,0.06160140765802646
PFTrDS,Branched,E3,0.0048597434817858,12.363559535236895,0.0,0.26971153972087436,0.06177677358039998
PFTrDS,Branched,E4,0.48914095228355114,13.564823547111665,0.0,0.36774088067782196,0.09153486878695676
