Compound,Isomer,Animal_Excluded,k_ehc,k_elim,k_renal,k_a,k_feces
PFUnDA,Branched,E2,0.0,9.91481136789027,0.0,0.01820688466209078,0.0
PFUnDA,Branched,E3,0.0,7.258089527175598,0.0,0.01902306841234185,0.0
PFUnDA,Branched,E4,0.0,10.850047669390912,0.0,0.013460252433993417,0.0
