Compound,Isomer,Animal_Excluded,k_ehc,k_elim,k_urine,k_a,k_feces
PFOA,Branched,E2,0.0,12.100338793689094,5.17354252074903,223.87469246113832,0.0
PFOA,Branched,E3,0.0,10.311906360374087,3.9447589382736368,250.89330243811915,0.0
PFOA,Branched,E4,0.0,11.178979015296314,3.923200279320983,289.3318792675524,0.0
