Compound,Isomer,Animal_Excluded,k_ehc,k_elim,k_urine,k_a,k_feces
PFDA,Branched,E2,0.0,24.582913268147976,0.0,0.031839313324299914,0.0
PFDA,Branched,E3,0.0,15.229652391127226,0.0,0.07004506655546754,0.0
PFDA,Branched,E4,0.0,19.143336109792315,0.0,0.06523363365238288,0.0
