Compound,Isomer,Animal_Excluded,E_milk,k_ehc,k_elim,k_renal,k_a,k_feces
PFOS,Branched,E2,0.0,0.0036394912112504094,0.0016031054008898487,1.304144679592659,0.013477561919484841,0.001995267675085799
PFOS,Branched,E3,0.0,0.040229047497741637,0.0014433307385976566,1.3175479173025382,0.015228329767950124,0.0017106548382035207
PFOS,Branched,E4,0.0,0.0033120611204008605,0.0013004831711106834,1.6055144146022804,0.012310097867992283,0.001689822225601169
