Compound,Isomer,Animal_Excluded,k_ehc,k_elim,k_urine,k_a,k_feces
PFOS,Branched,E2,2.4899667063149504,0.07352876303756653,0.005740441716741818,100.0,0.3268640528023222
PFOS,Branched,E3,2.302861270902559,0.056626198237019844,0.006530279877396404,100.0,0.3836675687586227
PFOS,Branched,E4,2.5067183770794306,0.06301197106251318,0.008099192381080795,100.0,0.418133332393689
