Compound,Isomer,Animal_Excluded,E_milk,k_ehc,k_elim,k_renal,k_a,k_feces
PFTrDA,Branched,E2,0.0,0.0,113.3113441024779,0.0,0.3415141813578192,0.0
PFTrDA,Branched,E3,0.0,0.0,90.61224437083249,0.0,0.24699879020859686,0.0
PFTrDA,Branched,E4,0.0,0.0,140.39109082185317,0.0,0.23676379461269717,0.0
