Compound,Isomer,Animal_Excluded,k_ehc,k_elim,k_renal,k_a,k_feces
PFTrDA,Branched,E2,0.0,40.65588845567866,0.0,0.19076990175487923,0.0
PFTrDA,Branched,E3,0.0,25.463018593636544,0.0,0.15431463590096184,0.0
PFTrDA,Branched,E4,0.0,34.04275590028568,0.0,0.15062422171540832,0.0
