Compound,Isomer,Animal_Excluded,k_ehc,k_elim,k_renal,k_a,k_feces
PFHxS,Linear,E2,0.0,0.046113869483899256,4.2297092789886905,792.1638463838036,0.0
PFHxS,Linear,E3,0.0,0.022479313431346428,3.7265017636893125,953.0448750532199,0.0
PFHxS,Linear,E4,0.0,0.03509335894589242,4.175647344133941,721.8956854543527,0.0
