Compound,Isomer,Animal_Excluded,E_milk,k_ehc,k_elim,k_renal,k_a,k_feces
PFBA,Linear,E2,0.0,0.0,131.85141082538473,990.9606563541316,2.487722996962109,0.10302877527443882
PFBA,Linear,E3,0.0,0.0,111.76517827072915,833.5218414052583,2.35439298680809,0.06870446904650696
PFBA,Linear,E4,0.0,0.0,117.98160721182826,919.7758064709278,2.3207828301444766,0.08884793906358988
