Compound,Isomer,Animal_Excluded,k_ehc,k_elim,k_renal,k_a,k_feces
PFOS,Linear,E2,0.15474252720384052,0.07066464472452536,0.06027619293618933,0.27794007147539396,0.03763950278397486
PFOS,Linear,E3,0.22415707550236416,0.06049568402661306,0.067361542367779,0.35507206530080393,0.0343364516318447
PFOS,Linear,E4,0.12696464177268438,0.08475847320150626,0.07035410618113584,0.21212802450273432,0.032203007392860555
