Compound,Isomer,Animal_Excluded,k_ehc,k_elim,k_renal,k_a,k_feces
PFHpA,Linear,E2,0.0,312.303735618185,313.73230288682487,0.33210169251335653,0.0
PFHpA,Linear,E3,0.0,287.2319023409451,316.0520088943125,0.4691149690948051,0.0
PFHpA,Linear,E4,0.0,287.2310551093976,316.22776601683796,0.332862860069953,0.0
