Compound,Isomer,Animal_Excluded,E_milk,k_ehc,k_elim,k_renal,k_a,k_feces
PFOA,Linear,E2,0.0,0.0,78.94298046852205,991.3020663582382,1.3058080605359066,0.00598653226815365
PFOA,Linear,E3,0.0,0.0,69.37142810268644,657.6032741292187,1.2025021159577745,0.021939192706190568
PFOA,Linear,E4,0.0,0.0,71.87073498130657,733.1277296111151,1.2526728527577036,0.023241128933183534
