Compound,Isomer,Animal_Excluded,k_ehc,k_elim,k_urine,k_a,k_feces
PFUnDS,Linear,E2,0.2522786467731432,0.041386028046495216,0.0,100.0,316.1497651901368
PFUnDS,Linear,E3,0.2270097188482107,0.016526008306608015,0.0,100.0,316.0035553790763
PFUnDS,Linear,E4,0.1984295196084405,0.06460258660903377,0.0,100.0,316.22776601683796
