Compound,Isomer,Animal_Excluded,k_ehc,k_elim,k_renal,k_a,k_feces
PFOS,Branched,E2,0.12064772812782552,0.05659435093697749,0.27199123910591044,0.6805859786282711,0.04787526805318015
PFOS,Branched,E3,1.0392418656214086,0.03927909977135769,0.24340570005797857,58.78835950849845,0.6117450375608345
PFOS,Branched,E4,1.6490382610214693,0.038875798135968136,0.3073129203149534,248.8806803443745,1.966913120941975
