Compound,Isomer,Animal_Excluded,k_ehc,k_elim,k_renal,k_a,k_feces
PFDA,Branched,E2,0.0,16.415279405798824,0.0,0.04835413743639786,0.0
PFDA,Branched,E3,0.0,13.26024862581149,0.0,0.09885827988284786,0.0
PFDA,Branched,E4,0.0,17.27259416233098,0.0,0.2165782280582773,0.0
