Compound,Isomer,Animal_Excluded,k_ehc,k_elim,k_urine,k_a,k_feces
PFPeA,Linear,E2,0.0,0.0010529319275034447,0.08287675050696978,0.13717232186981637,80.22090377724508
PFPeA,Linear,E3,0.0,0.001419456551776367,0.08610149568406754,0.3098536358474348,174.98815180891066
PFPeA,Linear,E4,0.0,316.22776601683796,316.2277610343692,209.4405799669477,122.0418315100588
