Compound,Isomer,Animal_Excluded,k_ehc,k_elim,k_urine,k_a,k_feces
PFNA,Linear,E2,0.0,70.21277184228128,0.0,312.78664507367967,0.0
PFNA,Linear,E3,0.0,39.577068515419434,0.0,315.5909308981391,0.0
PFNA,Linear,E4,0.0,43.87388457844491,0.0,303.1044987247757,0.0
