Compound,Isomer,Animal_Excluded,k_ehc,k_elim,k_urine,k_a,k_feces
PFDS,Linear,E2,0.7043499806760478,0.8111044814814077,0.0,312.0348290643257,20.838889854619772
PFDS,Linear,E3,2.063341133103036,0.59587571490542,0.0,298.62626352732883,7.490049522719759
PFDS,Linear,E4,0.9874347963555532,0.6542643020336256,0.0,289.4981467136142,14.715845998762708
