Compound,Isomer,Animal_Excluded,k_ehc,k_elim,k_renal,k_a,k_feces
PFPeA,Linear,E2,0.0,8.67095668426857,1000.0,0.0012198425090771902,0.003726353595352558
PFPeA,Linear,E3,0.0,9.52539508712957,960.5696518533883,0.0013940262529792274,0.003084518533890888
PFPeA,Linear,E4,0.0,939.3612472670402,1000.0,0.7793302426671439,0.13102706200411587
