Compound,Isomer,Animal_Excluded,E_milk,k_ehc,k_elim,k_renal,k_a,k_feces
PFHxA,Linear,E2,0.0,0.0,998.936757002572,977.646066786005,0.3866505969834677,0.0
PFHxA,Linear,E3,0.0,0.0,998.5203788869923,990.0794193640422,0.3984328137584149,0.0
PFHxA,Linear,E4,0.0,0.0,997.8751991137409,972.5476365509581,0.39476954822582216,0.0
