Compound,Isomer,Animal_Excluded,k_ehc,k_elim,k_urine,k_a,k_feces
PFHxS,Linear,E2,0.0,0.025379092834933042,0.2379938670882773,214.68586396904354,0.0
PFHxS,Linear,E3,0.0,0.0010059084326568969,0.17590866766528687,254.39946897859295,0.0
PFHxS,Linear,E4,0.0,0.0010627583826023177,0.20042513671056605,294.87679507345115,0.0
