Compound,Isomer,Animal_Excluded,k_ehc,k_elim,k_renal,k_a,k_feces
PFDS,Branched,E2,134.3400499508,0.2967161963996772,0.0,247.19728458232126,0.06839111773558099
PFDS,Branched,E3,16.000147058497156,0.18325313349972225,0.0,314.42700743977315,0.668176290050364
PFDS,Branched,E4,31.008036939460276,0.19746438300789482,0.0,248.34237535938334,0.29871738845613494
