Compound,Isomer,Animal_Excluded,E_milk,k_ehc,k_elim,k_renal,k_a,k_feces
PFUnDA,Linear,E2,0.0,0.0,0.6297241276871861,0.0,0.061403371551113105,0.0
PFUnDA,Linear,E3,0.0,0.0,0.10133635069960174,0.0,0.09423071756777639,0.0
PFUnDA,Linear,E4,0.0,0.0,1.0192273772382874,0.0,0.04057664708594688,0.0
