Compound,Isomer,Animal_Excluded,k_ehc,k_elim,k_renal,k_a,k_feces
PFOS,Linear,E2,313.0831464868639,0.14016029667871285,0.044453543672345844,244.18350287102496,0.020822872339106492
PFOS,Linear,E3,62.02679651907746,0.09350270583114789,0.03884101881612114,168.13068428558088,0.059898129365972844
PFOS,Linear,E4,113.58343148862315,0.11631675080751547,0.05562168971157424,107.0452838403895,0.027216057195167905
