Compound,Isomer,Animal_Excluded,k_ehc,k_elim,k_renal,k_a,k_feces
PFHxS,Linear,E2,0.0,0.024432425273411537,3.4507905819651525,137.043371090535,0.0
PFHxS,Linear,E3,0.0,0.00152993490292545,3.897495832401672,217.1285156800445,0.0
PFHxS,Linear,E4,0.0,0.0011194234368068715,3.736060365067459,22.85716485877979,0.0
