Compound,Isomer,Animal_Excluded,k_ehc,k_elim,k_renal,k_a,k_feces
PFHpS,Linear,E2,0.0,0.1469361930583683,0.0,127.995959255922,0.0
PFHpS,Linear,E3,0.0,0.13801310272859546,0.0,332.3688721469133,0.0
PFHpS,Linear,E4,0.0,0.13812622396759733,0.0,867.6915296931566,0.0
