Compound,Isomer,Animal_Excluded,k_ehc,k_elim,k_urine,k_a,k_feces
PFBA,Linear,E2,0.0,29.46022169087755,8.379440190546843,2.8050590789087764,0.12470476573057052
PFBA,Linear,E3,0.0,25.673804396514864,8.086249933144876,2.8235517063271223,0.0752147232723424
PFBA,Linear,E4,0.0,17.35069476912085,8.146508802018609,3.342241289039718,0.16801261527942868
