Compound,Isomer,Animal_Excluded,k_ehc,k_elim,k_urine,k_a,k_feces
PFDoDA,Branched,E2,0.0,19.339075067396642,0.0,0.04765942674208893,0.0
PFDoDA,Branched,E3,0.0,12.404542354856785,0.0,0.04560829984197531,0.0
PFDoDA,Branched,E4,0.0,17.373004010403154,0.0,0.04137583055474353,0.0
