Compound,Isomer,Animal_Excluded,k_ehc,k_elim,k_urine,k_a,k_feces
PFOS,Branched,E2,1.5943174352660205,0.0725951326045807,0.005871193437946437,180.50553188317508,0.9053673140032727
PFOS,Branched,E3,2.9196001141770753,0.05551146517263916,0.006791665474743765,287.0331263379563,0.909095904690274
PFOS,Branched,E4,1.6782237446889336,0.0630170613336036,0.007847083248498823,86.05806468166134,0.5369229735150056
