Compound,Isomer,Animal_Excluded,k_ehc,k_elim,k_renal,k_a,k_feces
PFNA,Linear,E2,0.0,32.28648582288699,0.0,282.85415256578,0.0
PFNA,Linear,E3,0.0,26.018674272266683,0.0,1.1678601655421967,0.0
PFNA,Linear,E4,0.0,26.291892092207945,0.0,315.70252019805,0.0
