Compound,Isomer,Animal_Excluded,k_ehc,k_elim,k_renal,k_a,k_feces
PFUnDS,Linear,E2,0.25970137420431477,4.496611821459096,0.0,0.0547699701083468,0.021726700950416636
PFUnDS,Linear,E3,6.907576410189296,2.4935337346102613,0.0,0.334157348770759,0.026216718511611135
PFUnDS,Linear,E4,60.28566887506482,2.548073303977483,0.0,2.0224773023357736,0.027465592328217443
