Compound,Isomer,Animal_Excluded,E_milk,k_ehc,k_elim,k_renal,k_a,k_feces
PFTeDA,Branched,E2,0.0,0.0,372.67037523005547,0.0,0.42604843043690227,0.0
PFTeDA,Branched,E3,0.0,0.0,298.324797754266,0.0,0.4279455149684364,0.0
PFTeDA,Branched,E4,0.0,0.0,394.38997506007735,0.0,0.41799691005648065,0.0
