Compound,Isomer,Animal_Excluded,k_ehc,k_elim,k_urine,k_a,k_feces
PFUnDA,Linear,E2,0.0,0.21507189985183633,0.0,254.43673655203162,0.0
PFUnDA,Linear,E3,0.0,0.1720273763764285,0.0,255.90479353450644,0.0
PFUnDA,Linear,E4,0.0,0.19071235135214842,0.0,251.72825886140944,0.0
