Compound,Isomer,Animal_Excluded,k_ehc,k_elim,k_urine,k_a,k_feces
PFNS,Linear,E2,51.402526601785354,0.33480084494917606,0.0,63.147864394410675,0.05990096574648298
PFNS,Linear,E3,5.293264379237835,0.26627414225811036,0.0,17.582478241928836,0.11941013375890697
PFNS,Linear,E4,57.607478928385035,0.2818707098227617,0.0,68.90141457257225,0.06480818481463005
