Compound,Isomer,Animal_Excluded,E_milk,k_ehc,k_elim,k_renal,k_a,k_feces
PFDoDA,Linear,E2,0.0,0.0,1.0266374890566259,0.0,0.08333703824127545,0.0
PFDoDA,Linear,E3,0.0,0.0,0.5783628620538127,0.0,0.0900399627618675,0.0
PFDoDA,Linear,E4,0.0,0.0,1.4294708635635798,0.0,0.06329810226743735,0.0
