Compound,Isomer,Animal_Excluded,k_ehc,k_elim,k_renal,k_a,k_feces
PFNS,Branched,E2,0.08907993234425274,0.26292493307683285,0.020011870148547294,0.07413419174448796,0.008069162988929814
PFNS,Branched,E3,0.07349185583701653,0.20484418469774637,0.02426464095738821,0.08416002337804622,0.010230045081412616
PFNS,Branched,E4,0.07702088116864562,0.2945422088191953,0.031951898083330724,0.06059838617442914,0.0076237600615357125
