Compound,Isomer,Animal_Excluded,k_ehc,k_elim,k_urine,k_a,k_feces
PFUnDS,Branched,E2,316.22776601683796,0.8580359306387386,0.0,100.0,0.06196518909747671
PFUnDS,Branched,E3,313.4258077311319,0.8140185009372171,0.0,100.0,0.053205657724891546
PFUnDS,Branched,E4,313.5444537804048,0.64016335936327,0.0,100.0,0.062282803894728817
