Compound,Isomer,Animal_Excluded,k_ehc,k_elim,k_renal,k_a,k_feces
PFDS,Linear,E2,0.380828666712206,1.09796840805909,0.0,0.8602427303591861,0.08471963244525033
PFDS,Linear,E3,0.4316761604663692,0.8608555408195413,0.0,0.9051019737963719,0.08346791044585311
PFDS,Linear,E4,0.26651476652477935,0.9780932750943186,0.0,0.5165175622071866,0.06801194360354693
