Compound,Isomer,Animal_Excluded,k_ehc,k_elim,k_urine,k_a,k_feces
PFDS,Branched,E2,0.3911844964468657,0.22713437978489248,0.0,121.98883902689266,8.828203619786688
PFDS,Branched,E3,1.8247980502693226,0.17584720704601556,0.0,138.44430397362382,2.7338109377199054
PFDS,Branched,E4,0.465227744716713,0.2036577027326212,0.0,72.3994015294897,5.130472139701417
