Compound,Isomer,Animal_Excluded,k_ehc,k_elim,k_renal,k_a,k_feces
PFUnDS,Branched,E2,2.392093351096571,3.808329570446197,0.0,0.1506371870781688,0.012616238850689045
PFUnDS,Branched,E3,1.829685431783731,2.883507078155009,0.0,0.1412625986885072,0.01387641826919561
PFUnDS,Branched,E4,1.9453115943670256,3.714448790674975,0.0,0.12758781900064112,0.012808964026273581
