Compound,Isomer,Animal_Excluded,k_ehc,k_elim,k_renal,k_a,k_feces
PFTrDA,Linear,E2,0.0,0.2139715326409371,0.0,247.21845964758234,0.0
PFTrDA,Linear,E3,0.0,0.15441165070902085,0.0,81.93860515286637,0.0
PFTrDA,Linear,E4,0.0,0.16697896867295864,0.0,306.2017033214415,0.0
