Compound,Isomer,Animal_Excluded,k_ehc,k_elim,k_urine,k_a,k_feces
PFTrDS,Linear,E2,0.0,12.535382002497435,0.0,100.0,37.388410007678424
PFTrDS,Linear,E3,0.0,12.184927651433883,0.0,100.0,73.20292458395289
PFTrDS,Linear,E4,0.0,12.224746126058553,0.0,100.0,55.31212948213317
