Compound,Isomer,Animal_Excluded,k_ehc,k_elim,k_renal,k_a,k_feces
PFOA,Branched,E2,0.0,20.595186874197875,129.92777706274987,0.4028237472580441,0.0
PFOA,Branched,E3,0.0,15.093550485766054,107.9836755964687,0.7931662348770684,0.0
PFOA,Branched,E4,0.0,19.28889789244734,139.29328927067277,0.798181676372292,0.0
