Compound,Isomer,Animal_Excluded,k_ehc,k_elim,k_renal,k_a,k_feces
PFUnDA,Branched,E2,0.0,10.369297517306077,0.0,0.02394130972718882,0.0
PFUnDA,Branched,E3,0.0,7.1966114540244925,0.0,0.027524451264084603,0.0
PFUnDA,Branched,E4,0.0,9.338985159127477,0.0,0.01967898160508718,0.0
