Compound,Isomer,Animal_Excluded,k_ehc,k_elim,k_urine,k_a,k_feces
PFNS,Linear,E2,202.81429969996415,0.40915474741236535,0.0,180.86039404440515,0.039377412400748456
PFNS,Linear,E3,49.35475937717625,0.28115918413468055,0.0,105.81720173765515,0.08071501953031447
PFNS,Linear,E4,1.0462569213336892,0.35355064213253345,0.0,1.1126054771061893,0.04584700843137136
