Compound,Isomer,Animal_Excluded,E_milk,k_ehc,k_elim,k_renal,k_a,k_feces
PFDoDS,Branched,E2,0.0,0.0016236468013789418,28.51690058592276,0.0,0.16771953792265007,0.05192334023937637
PFDoDS,Branched,E3,0.0,0.11400893099362092,14.777043906217664,0.0,0.13911136266464844,0.05107255969479411
PFDoDS,Branched,E4,0.0,0.005302095178043819,29.824364317915883,0.0,0.14150479221477855,0.050024091303465544
