Compound,Isomer,Animal_Excluded,k_ehc,k_elim,k_renal,k_a,k_feces
PFTeDA,Branched,E2,0.0,133.4957990201317,0.0,0.434717835133279,0.0
PFTeDA,Branched,E3,0.0,92.92710659146303,0.0,0.3480931255989456,0.0
PFTeDA,Branched,E4,0.0,107.34467697567214,0.0,0.3998788772213391,0.0
