Compound,Isomer,Animal_Excluded,k_ehc,k_elim,k_urine,k_a,k_feces
PFOA,Linear,E2,0.0,6.741880382398165,3.9772024724832664,139.49669632555452,0.024286487480103737
PFOA,Linear,E3,0.0,0.509815980071877,4.540217416082752,45.60183694316267,0.7424472716359789
PFOA,Linear,E4,0.0,4.189966457095827,2.4508944838319855,1.4670854815816097,0.024060267034405194
