Compound,Isomer,Animal_Excluded,k_ehc,k_elim,k_urine,k_a,k_feces
PFUnDS,Branched,E2,236.10498127495794,1.755340443979733,0.0,23.665578851068265,0.037168180948761426
PFUnDS,Branched,E3,152.95314317926145,1.1815991181062464,0.0,18.89067716965045,0.04367303924477742
PFUnDS,Branched,E4,0.13684833428068574,0.06992038162936963,0.0,60.49496881337111,292.8769587946672
