Compound,Isomer,Animal_Excluded,k_ehc,k_elim,k_urine,k_a,k_feces
PFOA,Linear,E2,0.0,15.648614250005119,2.643378505145298,304.6625483811714,0.01552908713415157
PFOA,Linear,E3,0.0,13.875261807242076,1.9411508844425907,242.2563644133812,2.0207090430565473
PFOA,Linear,E4,0.0,11.736155576963109,2.05442927384451,140.36469814432456,1.2528165952489014
