Compound,Isomer,Animal_Excluded,E_milk,k_ehc,k_elim,k_renal,k_a,k_feces
PFDoDA,Branched,E2,0.0,0.0,62.320840012327885,0.0,0.045862811648790525,0.0
PFDoDA,Branched,E3,0.0,0.0,49.135430996218176,0.0,0.04051402600840547,0.0
PFDoDA,Branched,E4,0.0,0.0,78.36917977020659,0.0,0.038690046000668867,0.0
