Compound,Isomer,Animal_Excluded,k_ehc,k_elim,k_urine,k_a,k_feces
PFHxA,Linear,E2,0.0,287.56016519834446,310.581905331845,0.0010643922234306635,0.0
PFHxA,Linear,E3,0.0,292.48783097760395,316.22776601683796,0.0010682329121100664,0.0
PFHxA,Linear,E4,0.0,300.93278836230576,315.83280406592866,0.0011672943260415541,0.0
