Compound,Isomer,Animal_Excluded,E_milk,k_ehc,k_elim,k_renal,k_a,k_feces
PFTeDA,Linear,E2,0.0,0.0,3.8356145041241896,0.0,1.022954672230073,0.0
PFTeDA,Linear,E3,0.0,0.0,2.681294134982912,0.0,1.0098997988324023,0.0
PFTeDA,Linear,E4,0.0,0.0,3.909488457642568,0.0,0.34291385156539167,0.0
