Compound,Isomer,Animal_Excluded,k_ehc,k_elim,k_renal,k_a,k_feces
PFTrDS,Branched,E2,0.004640477535983747,20.918361918121004,0.0,0.6814620113075595,0.09068484780432648
PFTrDS,Branched,E3,0.0985784407667597,16.265105744325464,0.0,0.5998897889710135,0.0856219267291405
PFTrDS,Branched,E4,0.06786406304678984,22.072511383076122,0.0,0.5686207558301051,0.07757861052661279
