Compound,Isomer,Animal_Excluded,k_ehc,k_elim,k_urine,k_a,k_feces
PFTeDA,Linear,E2,0.0,2.3331951643237034,0.0,1.0265911333398314,0.0
PFTeDA,Linear,E3,0.0,0.700476987583703,0.0,288.7879328228477,0.0
PFTeDA,Linear,E4,0.0,0.8361113493870835,0.0,0.3485968929171771,0.0
