Compound,Isomer,Animal_Excluded,k_ehc,k_elim,k_renal,k_a,k_feces
PFOS,Linear,E2,46.5891302398107,0.08620921221901341,0.04630349620355495,74.28187133355235,0.043796653231203776
PFOS,Linear,E3,16.956790592399994,0.05563298712307563,0.044951553449447026,269.0217052507082,0.35891857954002343
PFOS,Linear,E4,141.08424863578819,0.06613535279817069,0.05737319955687473,269.3617471649128,0.05739022654847086
