Compound,Isomer,Animal_Excluded,k_ehc,k_elim,k_urine,k_a,k_feces
PFDoDA,Branched,E2,0.0,20.196077641016203,0.0,0.04700617804751361,0.0
PFDoDA,Branched,E3,0.0,13.169106803999098,0.0,0.0459946565878623,0.0
PFDoDA,Branched,E4,0.0,15.829333255427231,0.0,0.04001278701977502,0.0
