Compound,Isomer,Animal_Excluded,k_ehc,k_elim,k_renal,k_a,k_feces
PFDS,Branched,E2,0.11475895632667316,0.41997994253864307,0.0,0.16421526712818887,0.024539826079517598
PFDS,Branched,E3,0.12070207398144218,0.3530640356805785,0.0,0.18527028374594234,0.024344529501411114
PFDS,Branched,E4,0.09168017056228021,0.43031002897812665,0.0,0.1269360848473541,0.020225829380366017
