Compound,Isomer,Animal_Excluded,k_ehc,k_elim,k_urine,k_a,k_feces
PFTrDS,Branched,E2,0.533399713299907,4.0914126796930805,0.0,100.0,115.50324729427096
PFTrDS,Branched,E3,195.1675147962572,5.562763301976035,0.0,100.0,0.5441715174194393
PFTrDS,Branched,E4,0.5551798607746655,2.5267073474098622,0.0,100.0,183.0666553672809
