Compound,Isomer,Animal_Excluded,k_ehc,k_elim,k_renal,k_a,k_feces
PFHxA,Linear,E2,0.0,316.05286818389754,316.22776601683796,0.4784971571929966,0.0
PFHxA,Linear,E3,0.0,295.6070577005772,311.7708844943524,0.005436950731313046,0.0
PFHxA,Linear,E4,0.0,315.6247564806569,308.8509009436102,0.4653984480116262,0.0
