Compound,Isomer,Animal_Excluded,k_ehc,k_elim,k_renal,k_a,k_feces
PFDA,Linear,E2,0.0,0.1540027111752247,0.0,248.30534634588017,0.0
PFDA,Linear,E3,0.0,0.14164281266965328,0.0,278.7700466273843,0.0
PFDA,Linear,E4,0.0,0.14193778966831497,0.0,312.6223066510701,0.0
