Compound,Isomer,Animal_Excluded,E_milk,k_ehc,k_elim,k_renal,k_a,k_feces
PFTrDA,Linear,E2,0.0,0.0,1.432815901249747,0.0,0.4327884290477698,0.0
PFTrDA,Linear,E3,0.0,0.0,1.0817285469136637,0.0,0.2644787636446458,0.0
PFTrDA,Linear,E4,0.0,0.0,1.5924417134464517,0.0,0.16811844069065737,0.0
