Compound,Isomer,Animal_Excluded,k_ehc,k_elim,k_urine,k_a,k_feces
PFDoDS,Linear,E2,0.2083562740396959,0.11365540831597494,0.0,100.0,316.18027759859575
PFDoDS,Linear,E3,0.23760124489192966,0.002618119490357367,0.0,100.0,316.1202179900072
PFDoDS,Linear,E4,0.23273293177098966,0.016668071088675768,0.0,100.0,316.22776601683796
