Compound,Isomer,Animal_Excluded,E_milk,k_ehc,k_elim,k_renal,k_a,k_feces
PFDS,Linear,E2,0.0,0.3374109638211107,1.7431534520631262,0.0,0.06400318537635427,0.03223187710294493
PFDS,Linear,E3,0.0,0.26585144218597084,1.3597849525629737,0.0,0.060209171949560866,0.02733487766286707
PFDS,Linear,E4,0.0,0.16378437516266312,1.4145692337005187,0.0,0.05291830419169411,0.026427915910507128
