Compound,Isomer,Animal_Excluded,k_ehc,k_elim,k_urine,k_a,k_feces
PFHpA,Linear,E2,0.0,316.22776601683796,316.22776450942354,100.0,0.0
PFHpA,Linear,E3,0.0,316.22776601683796,316.227751512983,100.0,0.0
PFHpA,Linear,E4,0.0,316.22776601683796,316.22776464508297,100.0,0.0
