Compound,Isomer,Animal_Excluded,k_ehc,k_elim,k_urine,k_a,k_feces
PFTrDS,Linear,E2,0.0,144.73869792658866,0.0,0.06532128753555244,0.01016572738893345
PFTrDS,Linear,E3,0.0,98.37553390266997,0.0,0.05424083574859719,0.010576326048557861
PFTrDS,Linear,E4,0.0,0.0011322717831840877,0.0,1.1385492142285296,313.33541440376746
