Compound,Isomer,Animal_Excluded,E_milk,k_ehc,k_elim,k_renal,k_a,k_feces
PFNS,Linear,E2,0.0,0.2971216393921559,0.0015415502501497339,0.0,0.031718230299664675,0.008441033262733526
PFNS,Linear,E3,0.0,0.003214144038982449,0.008697398419979149,0.0,0.013951979171685351,0.005907517895042909
PFNS,Linear,E4,0.0,0.1071402408044535,0.00151761760748021,0.0,0.01987454743822715,0.007847495628189649
