Compound,Isomer,Animal_Excluded,k_ehc,k_elim,k_urine,k_a,k_feces
PFDoDA,Linear,E2,0.0,0.21193000558642522,0.0,272.9091736379203,0.0
PFDoDA,Linear,E3,0.0,0.16587534900653061,0.0,304.3569709709233,0.0
PFDoDA,Linear,E4,0.0,0.1912843671143359,0.0,244.6234614157824,0.0
