Compound,Isomer,Animal_Excluded,k_ehc,k_elim,k_renal,k_a,k_feces
PFTeDA,Linear,E2,0.0,29.039229116060657,0.0,0.14735933049737165,0.0
PFTeDA,Linear,E3,0.0,22.783124436445387,0.0,0.1191087388406167,0.0
PFTeDA,Linear,E4,0.0,24.706949696775553,0.0,0.08190869770866166,0.0
