Compound,Isomer,Animal_Excluded,k_ehc,k_elim,k_renal,k_a,k_feces
PFDoDS,Branched,E2,0.09241351087141705,4.70982945760867,0.0,0.30645502919550927,0.11985290950935387
PFDoDS,Branched,E3,0.17257277238049218,2.6855129153820396,0.0,0.2705156062440984,0.14805942181649628
PFDoDS,Branched,E4,0.007904910430477656,2.955819635680385,0.0,0.2737653622001432,0.18371372471654482
