Compound,Isomer,Animal_Excluded,E_milk,k_ehc,k_elim,k_renal,k_a,k_feces
PFHpA,Linear,E2,0.0,0.0,804.3014226592858,992.7966195839716,0.40194419581746565,0.0
PFHpA,Linear,E3,0.0,0.0,903.6341730777043,976.6882508223358,0.40114636126479136,0.0
PFHpA,Linear,E4,0.0,0.0,896.9154710353,996.0049254526525,0.39994829820868477,0.0
