Compound,Isomer,Animal_Excluded,k_ehc,k_elim,k_renal,k_a,k_feces
PFTrDA,Linear,E2,0.0,0.15734411620337915,0.0,649.2194165947402,0.0
PFTrDA,Linear,E3,0.0,0.1435091033514367,0.0,248.7949976637078,0.0
PFTrDA,Linear,E4,0.0,0.1610809657370409,0.0,851.3225663238356,0.0
