Compound,Isomer,Animal_Excluded,k_ehc,k_elim,k_renal,k_a,k_feces
PFDoDA,Linear,E2,0.0,0.2289006642319069,0.0,173.3970974557105,0.0
PFDoDA,Linear,E3,0.0,0.17651045055832124,0.0,205.10038415771757,0.0
PFDoDA,Linear,E4,0.0,0.18569427106215772,0.0,279.7851766006591,0.0
