Compound,Isomer,Animal_Excluded,k_ehc,k_elim,k_urine,k_a,k_feces
PFOA,Branched,E2,0.0,0.004017876618450689,21.693439192723634,100.0,0.0
PFOA,Branched,E3,0.0,0.009296714163451451,18.293922331252723,100.0,0.0
PFOA,Branched,E4,0.0,2.521396119730805,14.484320212849317,100.0,0.0
