Compound,Isomer,Animal_Excluded,E_milk,k_ehc,k_elim,k_renal,k_a,k_feces
PFOA,Branched,E2,0.0,0.0,284.0398714099443,982.6132550679928,0.4013081861260536,0.0
PFOA,Branched,E3,0.0,0.0,260.68511260797476,990.400834103969,0.40380351726373154,0.0
PFOA,Branched,E4,0.0,0.0,231.7310557861544,1000.0,0.40384914275584405,0.0
