Compound,Isomer,Animal_Excluded,k_ehc,k_elim,k_renal,k_a,k_feces
PFHxA,Linear,E2,0.0,997.1481755300658,982.7121902588034,0.39330974730940155,0.0
PFHxA,Linear,E3,0.0,993.9584384852236,999.1219281067827,0.3873991506199143,0.0
PFHxA,Linear,E4,0.0,993.0082305951642,995.4156856108409,0.39835314971631314,0.0
