Compound,Isomer,Animal_Excluded,k_ehc,k_elim,k_urine,k_a,k_feces
PFOS,Linear,E2,26.132222962051976,0.0395848282749644,0.004570593767948338,174.95531697361443,0.1634860977360084
PFOS,Linear,E3,5.93811985764603,0.019460800058476904,0.004473810004843453,287.57320402942065,1.2235836509170983
PFOS,Linear,E4,17.36904438752307,0.02784115738460047,0.005546157322721972,157.69398945450396,0.24766952106730197
