Compound,Isomer,Animal_Excluded,E_milk,k_ehc,k_elim,k_renal,k_a,k_feces
PFUnDS,Branched,E2,0.0,0.06838819353134791,6.924561986655155,0.0,0.04867908347036855,0.012000067542654971
PFUnDS,Branched,E3,0.0,0.011483047406687496,4.8105274182379425,0.0,0.045076461337661425,0.013192811536036832
PFUnDS,Branched,E4,0.0,0.05581544538496467,6.629090135231854,0.0,0.047255578068181786,0.011201637089492825
