Compound,Isomer,Animal_Excluded,k_ehc,k_elim,k_renal,k_a,k_feces
PFNS,Branched,E2,0.46144591368346355,0.24305070708693532,0.006749352812334512,0.30760536912698794,0.011844662081241178
PFNS,Branched,E3,248.07113276406253,0.15812504243648087,0.023137441662282054,285.12844213616427,0.024015974903778606
PFNS,Branched,E4,4.066235907174942,0.19787153769688354,0.034434388176687605,2.846859697823113,0.0177578690435794
