Compound,Isomer,Animal_Excluded,k_ehc,k_elim,k_urine,k_a,k_feces
PFHpS,Linear,E2,0.0,0.10988459551726745,0.0,258.50665643053196,0.0
PFHpS,Linear,E3,0.0,0.06892831956620875,0.0,311.8719951606446,0.0
PFHpS,Linear,E4,0.0,0.08457917377103792,0.0,311.12286714212996,0.0
