Compound,Isomer,Animal_Excluded,k_ehc,k_elim,k_renal,k_a,k_feces
PFUnDS,Linear,E2,31.675350101222158,2.3063019040046986,0.0,1.551065906586889,0.033287355606605576
PFUnDS,Linear,E3,6.759906177801355,1.3001004668800131,0.0,0.49940384197506,0.04134583309982896
PFUnDS,Linear,E4,30.94819036067549,1.8724081556035688,0.0,1.2348994939796039,0.029956937607050625
