Compound,Isomer,Animal_Excluded,k_ehc,k_elim,k_urine,k_a,k_feces
PFNS,Branched,E2,49.119017308440576,0.2541627441274439,0.0010032702928075839,25.422798911083202,0.013725919442599373
PFNS,Branched,E3,45.15239180172084,0.1916719574273686,0.0010191046364844915,40.7617218082307,0.018653551380857242
PFNS,Branched,E4,55.05964051784568,0.22282423879471372,0.0010131316006307437,32.30804464322995,0.017557965922877557
