Compound,Isomer,Animal_Excluded,E_milk,k_ehc,k_elim,k_renal,k_a,k_feces
PFDoDS,Linear,E2,0.0,52.1088454409118,38.27517230384047,0.0,0.2560651574529877,0.03907686783251997
PFDoDS,Linear,E3,0.0,352.74470859245304,15.5417100309822,0.0,1.7276281046588786,0.042527485927166375
PFDoDS,Linear,E4,0.0,0.06020061040427254,32.14142900494365,0.0,0.025573642153317228,0.040746739063902505
