Compound,Isomer,Animal_Excluded,k_ehc,k_elim,k_renal,k_a,k_feces
PFOS,Branched,E2,0.12369250771251622,0.05894149835929196,0.2539736479715283,0.4855889838939349,0.03501392588925285
PFOS,Branched,E3,0.243447996841831,0.04378413428180469,0.24731258943536327,1.2956436896020609,0.054508298719304404
PFOS,Branched,E4,0.09285440196986068,0.06443997169093973,0.27113955424066366,0.35619397393128643,0.03073470669933337
