Compound,Isomer,Animal_Excluded,k_ehc,k_elim,k_renal,k_a,k_feces
PFDoDA,Linear,E2,0.0,0.16993503389936504,0.0,641.0825736110661,0.0
PFDoDA,Linear,E3,0.0,0.16256289452923633,0.0,149.40935604454853,0.0
PFDoDA,Linear,E4,0.0,0.17006152742839176,0.0,444.5857173856445,0.0
