Compound,Isomer,Animal_Excluded,k_ehc,k_elim,k_urine,k_a,k_feces
PFHxS,Linear,E2,0.0,0.23351972732447238,0.170899970452647,100.0,0.0
PFHxS,Linear,E3,0.0,0.12376507152567587,0.16811454399705,100.0,0.0
PFHxS,Linear,E4,0.0,0.10000036194311172,0.20312432991671028,100.0,0.0
