Compound,Isomer,Animal_Excluded,k_ehc,k_elim,k_urine,k_a,k_feces
PFTrDA,Branched,E2,0.0,44.9428110492449,0.0,0.18087893832801108,0.0
PFTrDA,Branched,E3,0.0,24.88193561202434,0.0,0.23675332034853633,0.0
PFTrDA,Branched,E4,0.0,32.39671559360107,0.0,0.24255310333247496,0.0
