Compound,Isomer,Animal_Excluded,k_ehc,k_elim,k_urine,k_a,k_feces
PFUnDS,Linear,E2,295.39631649857796,3.5689685503147643,0.0,12.254313328356025,0.02746102283632944
PFUnDS,Linear,E3,314.9158309175405,1.840829293952557,0.0,21.916662529873808,0.04089038933614402
PFUnDS,Linear,E4,4.936328650922291,2.6637506591681626,0.0,0.24151655313486636,0.03157252320192263
