Compound,Isomer,Animal_Excluded,k_ehc,k_elim,k_renal,k_a,k_feces
PFTrDS,Linear,E2,0.0,46.344882476366934,0.0,0.05233020398429232,0.03666566629238537
PFTrDS,Linear,E3,0.0,29.55572867108074,0.0,0.024470998202211824,0.01956538636670962
PFTrDS,Linear,E4,0.0,38.10061075911719,0.0,0.019143386607821895,0.0150404555904136
