Compound,Isomer,Animal_Excluded,E_milk,k_ehc,k_elim,k_renal,k_a,k_feces
PFPeA,Linear,E2,0.0,0.0,12.77915443546783,999.9998450655436,0.0012687667301237717,0.0033835928400924604
PFPeA,Linear,E3,0.0,0.0,17.499748606033844,899.7227659348761,0.0015132012606888206,0.002333740864190918
PFPeA,Linear,E4,0.0,0.0,999.2303246367799,973.7126647560418,0.8870042481619763,0.16091812809862394
