Compound,Isomer,Animal_Excluded,k_ehc,k_elim,k_renal,k_a,k_feces
PFDA,Linear,E2,0.0,0.1283785339695014,0.0,430.16427808429984,0.0
PFDA,Linear,E3,0.0,0.11484094512626583,0.0,800.5894538820737,0.0
PFDA,Linear,E4,0.0,0.1208700937299867,0.0,811.6670226562227,0.0
