Compound,Isomer,Animal_Excluded,k_ehc,k_elim,k_renal,k_a,k_feces
PFDS,Linear,E2,10.37639464580062,0.10120414826476974,0.0,131.00454972349027,1.4669554488401626
PFDS,Linear,E3,29.261810908645597,0.6168514705977782,0.0,259.35617794705377,0.45726949567770403
PFDS,Linear,E4,32.30135797485422,0.6280832943944057,0.0,270.4909927454696,0.4409248070267707
