Parameter,Fisher_Info_Diagonal,Max_Eigenvalue,Min_Eigenvalue,Condition_Number,Condition_Number_Per_Dim
k_a,4443.937644248221,12852.133129668122,0.7872782458590634,16324.76598619096,11.303468831368704
k_elim,4476.038464607296,12852.133129668122,0.7872782458590634,16324.76598619096,11.303468831368704
k_feces,399.0393617550434,12852.133129668122,0.7872782458590634,16324.76598619096,11.303468831368704
k_ehc,4351.588683320421,12852.133129668122,0.7872782458590634,16324.76598619096,11.303468831368704
