Parameter,Fisher_Info_Diagonal,Max_Eigenvalue,Min_Eigenvalue,Condition_Number,Condition_Number_Per_Dim
k_a,0.0004741983984701146,8233.858531618518,0.00047106870260904543,17479103.336763285,4180.8017576492775
k_elim,8233.858528488825,8233.858531618518,0.00047106870260904543,17479103.336763285,4180.8017576492775
