Parameter,Fisher_Info_Diagonal,Max_Eigenvalue,Min_Eigenvalue,Condition_Number,Condition_Number_Per_Dim
k_elim,928.8550302777448,3795.104301284975,745.002829622611,5.094080385181121,2.257006952842884
k_a,3611.252100629841,3795.104301284975,745.002829622611,5.094080385181121,2.257006952842884
