Parameter,Fisher_Info_Diagonal,Max_Eigenvalue,Min_Eigenvalue,Condition_Number,Condition_Number_Per_Dim
k_elim,13946.840900228703,16293.229327220757,2.449467388722284,6651.743722834292,5.815500557419296
k_a,957.3451722906739,16293.229327220757,2.449467388722284,6651.743722834292,5.815500557419296
k_feces,2126.653157359228,16293.229327220757,2.449467388722284,6651.743722834292,5.815500557419296
k_ehc,950.9803870681517,16293.229327220757,2.449467388722284,6651.743722834292,5.815500557419296
k_urine,523.0245919892675,16293.229327220757,2.449467388722284,6651.743722834292,5.815500557419296
