Parameter,Fisher_Info_Diagonal,Max_Eigenvalue,Min_Eigenvalue,Condition_Number,Condition_Number_Per_Dim
k_elim,5959.383099569038,5959.383105638165,0.00017094933812673334,34860521.66648446,5904.279944792968
k_a,0.00017701846561286075,5959.383105638165,0.00017094933812673334,34860521.66648446,5904.279944792968
