Parameter,Fisher_Info_Diagonal,Max_Eigenvalue,Min_Eigenvalue,Condition_Number,Condition_Number_Per_Dim
k_a,18682.85225965399,20102.82432912307,197.31211131460307,101.88337753413548,3.177063048583303
k_elim,6962.869771036109,20102.82432912307,197.31211131460307,101.88337753413548,3.177063048583303
k_feces,2999.7443374841323,20102.82432912307,197.31211131460307,101.88337753413548,3.177063048583303
k_renal,958.8476466307085,20102.82432912307,197.31211131460307,101.88337753413548,3.177063048583303
