Parameter,Fisher_Info_Diagonal,Max_Eigenvalue,Min_Eigenvalue,Condition_Number,Condition_Number_Per_Dim
k_elim,3879.636884597475,48205.95051809471,455.4508747582571,105.84226134965999,4.73027478598647
k_a,43062.49963026394,48205.95051809471,455.4508747582571,105.84226134965999,4.73027478598647
k_feces,3844.653981797513,48205.95051809471,455.4508747582571,105.84226134965999,4.73027478598647
