Parameter,Fisher_Info_Diagonal,Max_Eigenvalue,Min_Eigenvalue,Condition_Number,Condition_Number_Per_Dim
k_elim,54806.90179946707,54806.90184725861,0.16539574311508326,331368.2735421048,575.6459619784584
k_a,0.16544353465279035,54806.90184725861,0.16539574311508326,331368.2735421048,575.6459619784584
