Parameter,Fisher_Info_Diagonal,Max_Eigenvalue,Min_Eigenvalue,Condition_Number,Condition_Number_Per_Dim
k_elim,102.42268665185358,200.663157049979,16.42717859373986,12.215314754442895,2.3030403870861766
k_feces,88.21810882340533,200.663157049979,16.42717859373986,12.215314754442895,2.3030403870861766
k_urine,91.3692742226852,200.663157049979,16.42717859373986,12.215314754442895,2.3030403870861766
