Parameter,Fisher_Info_Diagonal,Max_Eigenvalue,Min_Eigenvalue,Condition_Number,Condition_Number_Per_Dim
k_elim,1805.508446721801,3000.594142638147,4.529593059297602,662.4423217178467,5.07325880338064
k_feces,925.8259697576349,3000.594142638147,4.529593059297602,662.4423217178467,5.07325880338064
k_ehc,447.61563852725584,3000.594142638147,4.529593059297602,662.4423217178467,5.07325880338064
k_urine,45.739901281899236,3000.594142638147,4.529593059297602,662.4423217178467,5.07325880338064
