Parameter,Fisher_Info_Diagonal,Max_Eigenvalue,Min_Eigenvalue,Condition_Number,Condition_Number_Per_Dim
k_elim,963.3559122268125,963.355980881821,0.0003881352860254093,2482010.8234600313,1575.4398825280612
k_a,0.00045679029451011237,963.355980881821,0.0003881352860254093,2482010.8234600313,1575.4398825280612
