Parameter,Fisher_Info_Diagonal,Max_Eigenvalue,Min_Eigenvalue,Condition_Number,Condition_Number_Per_Dim
k_a,1732.7642288523446,15683.63992633832,1.110385681137928,14124.497634250522,10.901675547945032
k_elim,4184.820677027426,15683.63992633832,1.110385681137928,14124.497634250522,10.901675547945032
k_feces,9359.422071705125,15683.63992633832,1.110385681137928,14124.497634250522,10.901675547945032
k_ehc,1700.2729942289102,15683.63992633832,1.110385681137928,14124.497634250522,10.901675547945032
