Parameter,Fisher_Info_Diagonal,Max_Eigenvalue,Min_Eigenvalue,Condition_Number,Condition_Number_Per_Dim
k_elim,28467.908801798712,28467.90891611394,0.0004464471721720569,63765459.141810074,7985.32774166534
k_a,0.0005607624041639932,28467.90891611394,0.0004464471721720569,63765459.141810074,7985.32774166534
