Parameter,Fisher_Info_Diagonal,Max_Eigenvalue,Min_Eigenvalue,Condition_Number,Condition_Number_Per_Dim
k_elim,5910.387411829434,15097.896501613199,0.00025244051444461607,59807739.39884196,391.0681640150981
k_a,0.0003105619385158039,15097.896501613199,0.00025244051444461607,59807739.39884196,391.0681640150981
k_urine,9196.335048140843,15097.896501613199,0.00025244051444461607,59807739.39884196,391.0681640150981
