Parameter,Fisher_Info_Diagonal,Max_Eigenvalue,Min_Eigenvalue,Condition_Number,Condition_Number_Per_Dim
k_elim,64451.25615114883,133239.8473139456,1.9440404812706933,68537.58890188095,16.180137410518387
k_a,25716.053673639522,133239.8473139456,1.9440404812706933,68537.58890188095,16.180137410518387
k_feces,20628.51626724842,133239.8473139456,1.9440404812706933,68537.58890188095,16.180137410518387
k_ehc,24328.69814807091,133239.8473139456,1.9440404812706933,68537.58890188095,16.180137410518387
