Parameter,Fisher_Info_Diagonal,Max_Eigenvalue,Min_Eigenvalue,Condition_Number,Condition_Number_Per_Dim
k_elim,364.5457015318053,50455.86979370015,0.4983247550316217,101250.97997689965,46.60863795998707
k_feces,5406.088744106794,50455.86979370015,0.4983247550316217,101250.97997689965,46.60863795998707
k_ehc,44814.12204719089,50455.86979370015,0.4983247550316217,101250.97997689965,46.60863795998707
