Parameter,Fisher_Info_Diagonal,Max_Eigenvalue,Min_Eigenvalue,Condition_Number,Condition_Number_Per_Dim
k_elim,1.3916000007996137,56533.52008184582,0.00029520214440274757,191507823.21119085,576.4064606448499
k_a,0.00039587337462915873,56533.52008184582,0.00029520214440274757,191507823.21119085,576.4064606448499
k_urine,56532.14108593372,56533.52008184582,0.00029520214440274757,191507823.21119085,576.4064606448499
