Parameter,Fisher_Info_Diagonal,Max_Eigenvalue,Min_Eigenvalue,Condition_Number,Condition_Number_Per_Dim
k_elim,894.0352682095606,895.9335476311132,0.0002490880525614339,3596854.7604672625,153.21723964570367
k_a,0.0003019275948383664,895.9335476311132,0.0002490880525614339,3596854.7604672625,153.21723964570367
k_urine,298.72303197558597,895.9335476311132,0.0002490880525614339,3596854.7604672625,153.21723964570367
