Parameter,Fisher_Info_Diagonal,Max_Eigenvalue,Min_Eigenvalue,Condition_Number,Condition_Number_Per_Dim
k_elim,158.72958527467603,179.22824074703328,93.7627972204208,1.9115069735568724,1.3825725925089332
k_a,114.26145269277805,179.22824074703328,93.7627972204208,1.9115069735568724,1.3825725925089332
