Parameter,Fisher_Info_Diagonal,Max_Eigenvalue,Min_Eigenvalue,Condition_Number,Condition_Number_Per_Dim
k_elim,668.6133993532885,50325.6315291951,0.9082413529127886,55409.97595825994,38.12378285580797
k_feces,5361.371377566599,50325.6315291951,0.9082413529127886,55409.97595825994,38.12378285580797
k_ehc,44425.111794983815,50325.6315291951,0.9082413529127886,55409.97595825994,38.12378285580797
