Parameter,Fisher_Info_Diagonal,Max_Eigenvalue,Min_Eigenvalue,Condition_Number,Condition_Number_Per_Dim
k_a,452.3627519396282,4295.574201972019,29.03215959769489,147.95916878030258,3.4876706828545783
k_elim,2754.026568326762,4295.574201972019,29.03215959769489,147.95916878030258,3.4876706828545783
k_feces,1438.9883518722143,4295.574201972019,29.03215959769489,147.95916878030258,3.4876706828545783
k_ehc,238.9727935629371,4295.574201972019,29.03215959769489,147.95916878030258,3.4876706828545783
