Parameter,Fisher_Info_Diagonal,Max_Eigenvalue,Min_Eigenvalue,Condition_Number,Condition_Number_Per_Dim
k_elim,4534.350194299919,5181.231922682046,0.30720803532122337,16865.54818549729,7.00487020184627
k_a,213.47259677665133,5181.231922682046,0.30720803532122337,16865.54818549729,7.00487020184627
k_feces,546.3982018733036,5181.231922682046,0.30720803532122337,16865.54818549729,7.00487020184627
k_ehc,214.2465036015084,5181.231922682046,0.30720803532122337,16865.54818549729,7.00487020184627
k_urine,22.52639485653407,5181.231922682046,0.30720803532122337,16865.54818549729,7.00487020184627
