Parameter,Fisher_Info_Diagonal,Max_Eigenvalue,Min_Eigenvalue,Condition_Number,Condition_Number_Per_Dim
k_elim,11774.953518072907,11774.953533168735,0.00015530750520456764,75817028.40219489,8707.297422403515
k_a,0.0001704033332803708,11774.953533168735,0.00015530750520456764,75817028.40219489,8707.297422403515
