Parameter,Fisher_Info_Diagonal,Max_Eigenvalue,Min_Eigenvalue,Condition_Number,Condition_Number_Per_Dim
k_elim,1833.594394111162,3690.542941061641,0.5576981702020939,6617.455710360846,5.809492677791741
k_a,517.0162825669357,3690.542941061641,0.5576981702020939,6617.455710360846,5.809492677791741
k_feces,975.7508836997632,3690.542941061641,0.5576981702020939,6617.455710360846,5.809492677791741
k_ehc,509.8372382796031,3690.542941061641,0.5576981702020939,6617.455710360846,5.809492677791741
k_urine,23.65029905053817,3690.542941061641,0.5576981702020939,6617.455710360846,5.809492677791741
