Parameter,Fisher_Info_Diagonal,Max_Eigenvalue,Min_Eigenvalue,Condition_Number,Condition_Number_Per_Dim
k_a,10566.262287929618,10615.994868542857,61.28518743443911,173.22285062600977,5.574446183610223
k_elim,2959.4295579589116,10615.994868542857,61.28518743443911,173.22285062600977,5.574446183610223
k_renal,372.78437952051985,10615.994868542857,61.28518743443911,173.22285062600977,5.574446183610223
