Parameter,Fisher_Info_Diagonal,Max_Eigenvalue,Min_Eigenvalue,Condition_Number,Condition_Number_Per_Dim
k_elim,1096.60759538231,2131.1205283307586,976.0494111655657,2.183414593515143,1.4776381808531962
k_a,2010.5623441140144,2131.1205283307586,976.0494111655657,2.183414593515143,1.4776381808531962
