Parameter,Fisher_Info_Diagonal,Max_Eigenvalue,Min_Eigenvalue,Condition_Number,Condition_Number_Per_Dim
k_elim,335.78685894513353,926.2039311367936,0.004323159020435201,214242.39237065008,59.836815133521505
k_a,0.012437435980080397,926.2039311367936,0.004323159020435201,214242.39237065008,59.836815133521505
k_urine,596.4157443764432,926.2039311367936,0.004323159020435201,214242.39237065008,59.836815133521505
