Parameter,Fisher_Info_Diagonal,Max_Eigenvalue,Min_Eigenvalue,Condition_Number,Condition_Number_Per_Dim
k_elim,8242.250606981077,25421.639751116767,0.42634997248316614,59626.22585162828,15.62641414541923
k_a,5630.297889118183,25421.639751116767,0.42634997248316614,59626.22585162828,15.62641414541923
k_feces,5683.468591918138,25421.639751116767,0.42634997248316614,59626.22585162828,15.62641414541923
k_ehc,5954.154899176304,25421.639751116767,0.42634997248316614,59626.22585162828,15.62641414541923
