Parameter,Fisher_Info_Diagonal,Max_Eigenvalue,Min_Eigenvalue,Condition_Number,Condition_Number_Per_Dim
k_a,618.9158607464807,646.3774476742154,482.82393951906744,1.3387435766297355,1.157040870768935
k_elim,510.2855264468022,646.3774476742154,482.82393951906744,1.3387435766297355,1.157040870768935
