Parameter,Fisher_Info_Diagonal,Max_Eigenvalue,Min_Eigenvalue,Condition_Number,Condition_Number_Per_Dim
k_a,0.00010463716376738306,1076.5706355952452,0.00010343339954488329,10408346.243401624,3226.196869907604
k_elim,1076.5706343914808,1076.5706355952452,0.00010343339954488329,10408346.243401624,3226.196869907604
