Parameter,Fisher_Info_Diagonal,Max_Eigenvalue,Min_Eigenvalue,Condition_Number,Condition_Number_Per_Dim
k_elim,134.57056148401725,396.4343286376503,107.44820333154445,3.6895389252289696,1.920817254511467
k_a,369.31197048517754,396.4343286376503,107.44820333154445,3.6895389252289696,1.920817254511467
