Parameter,Fisher_Info_Diagonal,Max_Eigenvalue,Min_Eigenvalue,Condition_Number,Condition_Number_Per_Dim
k_elim,2334.992976150678,2638.05031927076,3.836349406825308,687.6459987136116,5.120840277014237
k_feces,288.2152024757082,2638.05031927076,3.836349406825308,687.6459987136116,5.120840277014237
k_ehc,248.58192532866505,2638.05031927076,3.836349406825308,687.6459987136116,5.120840277014237
k_urine,66.67095581459276,2638.05031927076,3.836349406825308,687.6459987136116,5.120840277014237
