Parameter,Fisher_Info_Diagonal,Max_Eigenvalue,Min_Eigenvalue,Condition_Number,Condition_Number_Per_Dim
k_elim,2995.3300953614485,5669.510517828426,0.2712455094908778,20901.767289972762,12.02391097434533
k_a,683.5532804969948,5669.510517828426,0.2712455094908778,20901.767289972762,12.02391097434533
k_feces,680.23500188596,5669.510517828426,0.2712455094908778,20901.767289972762,12.02391097434533
k_ehc,1445.5995596025728,5669.510517828426,0.2712455094908778,20901.767289972762,12.02391097434533
