Parameter,Fisher_Info_Diagonal,Max_Eigenvalue,Min_Eigenvalue,Condition_Number,Condition_Number_Per_Dim
k_a,14896.949056279145,17639.550030727012,267.9106551826499,65.8411664093805,4.037995574834664
k_elim,7510.693253260481,17639.550030727012,267.9106551826499,65.8411664093805,4.037995574834664
k_renal,3951.4705304997947,17639.550030727012,267.9106551826499,65.8411664093805,4.037995574834664
