Parameter,Fisher_Info_Diagonal,Max_Eigenvalue,Min_Eigenvalue,Condition_Number,Condition_Number_Per_Dim
k_elim,3891.700240328277,4626.183013172698,0.24307161679579214,19032.181026134447,11.745517059066344
k_a,277.69647442686784,4626.183013172698,0.24307161679579214,19032.181026134447,11.745517059066344
k_feces,276.15286991546736,4626.183013172698,0.24307161679579214,19032.181026134447,11.745517059066344
k_ehc,347.75722319672616,4626.183013172698,0.24307161679579214,19032.181026134447,11.745517059066344
