Parameter,Fisher_Info_Diagonal,Max_Eigenvalue,Min_Eigenvalue,Condition_Number,Condition_Number_Per_Dim
k_elim,4493.509785275583,8190.326367291602,0.4336903840875593,18885.192450192826,11.722772955160234
k_a,630.9567754255963,8190.326367291602,0.4336903840875593,18885.192450192826,11.722772955160234
k_feces,2617.110011085779,8190.326367291602,0.4336903840875593,18885.192450192826,11.722772955160234
k_ehc,628.4294655951693,8190.326367291602,0.4336903840875593,18885.192450192826,11.722772955160234
