Parameter,Fisher_Info_Diagonal,Max_Eigenvalue,Min_Eigenvalue,Condition_Number,Condition_Number_Per_Dim
k_elim,264.9526489938984,1694.0543882199795,14.989487706694025,113.01616315168974,3.260507021347342
k_a,1601.4791411601454,1694.0543882199795,14.989487706694025,113.01616315168974,3.260507021347342
k_feces,77.16490491174989,1694.0543882199795,14.989487706694025,113.01616315168974,3.260507021347342
k_urine,35.105003670279885,1694.0543882199795,14.989487706694025,113.01616315168974,3.260507021347342
