Parameter,Fisher_Info_Diagonal,Max_Eigenvalue,Min_Eigenvalue,Condition_Number,Condition_Number_Per_Dim
k_a,2212.21204492626,14943.840999515545,1.1393376422016632,13116.253203605187,10.701692009333623
k_elim,5530.813858462102,14943.840999515545,1.1393376422016632,13116.253203605187,10.701692009333623
k_feces,6221.390656052844,14943.840999515545,1.1393376422016632,13116.253203605187,10.701692009333623
k_ehc,2204.879543609705,14943.840999515545,1.1393376422016632,13116.253203605187,10.701692009333623
