Parameter,Fisher_Info_Diagonal,Max_Eigenvalue,Min_Eigenvalue,Condition_Number,Condition_Number_Per_Dim
k_elim,1188.6212558366356,1207.418061393295,2.3292104180147293,518.3808435918045,4.77158029059472
k_a,394.93786302156855,1207.418061393295,2.3292104180147293,518.3808435918045,4.77158029059472
k_feces,395.2143765872187,1207.418061393295,2.3292104180147293,518.3808435918045,4.77158029059472
k_urine,307.6171003838414,1207.418061393295,2.3292104180147293,518.3808435918045,4.77158029059472
