Parameter,Fisher_Info_Diagonal,Max_Eigenvalue,Min_Eigenvalue,Condition_Number,Condition_Number_Per_Dim
k_a,54784.37453091104,58702.31393895789,62.00618140130981,946.7171274268773,5.546960311903508
k_elim,12409.496987767812,58702.31393895789,62.00618140130981,946.7171274268773,5.546960311903508
k_feces,438.54681954026836,58702.31393895789,62.00618140130981,946.7171274268773,5.546960311903508
k_renal,1121.8129434245136,58702.31393895789,62.00618140130981,946.7171274268773,5.546960311903508
