Parameter,Fisher_Info_Diagonal,Max_Eigenvalue,Min_Eigenvalue,Condition_Number,Condition_Number_Per_Dim
k_elim,7669.412347762893,22514.78851770304,3.713108524057805,6063.595602397894,8.824346589337084
k_a,2871.613013210505,22514.78851770304,3.713108524057805,6063.595602397894,8.824346589337084
k_feces,2833.669027455767,22514.78851770304,3.713108524057805,6063.595602397894,8.824346589337084
k_ehc,10066.671154133,22514.78851770304,3.713108524057805,6063.595602397894,8.824346589337084
