Parameter,Fisher_Info_Diagonal,Max_Eigenvalue,Min_Eigenvalue,Condition_Number,Condition_Number_Per_Dim
k_a,8393.997528692658,29189.442862185555,163.67735264027286,178.33525769650973,3.6543429596768044
k_elim,21040.959915336975,29189.442862185555,163.67735264027286,178.33525769650973,3.6543429596768044
k_feces,309.961572323739,29189.442862185555,163.67735264027286,178.33525769650973,3.6543429596768044
k_renal,8812.16577891711,29189.442862185555,163.67735264027286,178.33525769650973,3.6543429596768044
