Parameter,Fisher_Info_Diagonal,Max_Eigenvalue,Min_Eigenvalue,Condition_Number,Condition_Number_Per_Dim
k_a,1347.256963453553,11542.583855853856,27.487017820981638,419.9285615860105,4.526826541735766
k_elim,9613.295988380534,11542.583855853856,27.487017820981638,419.9285615860105,4.526826541735766
k_feces,877.3031633711629,11542.583855853856,27.487017820981638,419.9285615860105,4.526826541735766
k_ehc,590.0151285928882,11542.583855853856,27.487017820981638,419.9285615860105,4.526826541735766
