Parameter,Fisher_Info_Diagonal,Max_Eigenvalue,Min_Eigenvalue,Condition_Number,Condition_Number_Per_Dim
k_elim,18724.376829655295,105470.73158245177,1.458366905628384,72321.12246609597,16.398959356464644
k_a,28606.527477285203,105470.73158245177,1.458366905628384,72321.12246609597,16.398959356464644
k_feces,29176.068474276995,105470.73158245177,1.458366905628384,72321.12246609597,16.398959356464644
k_ehc,29219.51879118608,105470.73158245177,1.458366905628384,72321.12246609597,16.398959356464644
