Parameter,Fisher_Info_Diagonal,Max_Eigenvalue,Min_Eigenvalue,Condition_Number,Condition_Number_Per_Dim
k_elim,24959.120985386504,36127.73596879075,46.19051444177894,782.1462134683114,9.213599191337291
k_feces,8807.962426097589,36127.73596879075,46.19051444177894,782.1462134683114,9.213599191337291
k_ehc,2637.7482926927696,36127.73596879075,46.19051444177894,782.1462134683114,9.213599191337291
