Parameter,Fisher_Info_Diagonal,Max_Eigenvalue,Min_Eigenvalue,Condition_Number,Condition_Number_Per_Dim
k_elim,45722.61313324795,45722.613380457806,0.17353103565618735,263483.78091309767,513.3067123203218
k_a,0.17377824551021598,45722.613380457806,0.17353103565618735,263483.78091309767,513.3067123203218
