Parameter,Fisher_Info_Diagonal,Max_Eigenvalue,Min_Eigenvalue,Condition_Number,Condition_Number_Per_Dim
k_elim,65.81256940431211,122.73419321647745,0.04862561228505519,2524.0647356166887,13.615496924712131
k_a,0.04989641522210495,122.73419321647745,0.04862561228505519,2524.0647356166887,13.615496924712131
k_urine,65.41475721060142,122.73419321647745,0.04862561228505519,2524.0647356166887,13.615496924712131
