Parameter,Fisher_Info_Diagonal,Max_Eigenvalue,Min_Eigenvalue,Condition_Number,Condition_Number_Per_Dim
k_elim,4695.409314322996,8708.171010721915,1.842174288264166,4727.115705717184,5.4314932797796445
k_a,1577.1205395385496,8708.171010721915,1.842174288264166,4727.115705717184,5.4314932797796445
k_feces,1600.9732977267408,8708.171010721915,1.842174288264166,4727.115705717184,5.4314932797796445
k_ehc,1519.2124623630073,8708.171010721915,1.842174288264166,4727.115705717184,5.4314932797796445
k_urine,658.6262560754874,8708.171010721915,1.842174288264166,4727.115705717184,5.4314932797796445
