Parameter,Fisher_Info_Diagonal,Max_Eigenvalue,Min_Eigenvalue,Condition_Number,Condition_Number_Per_Dim
k_elim,732.440494013358,740.0069476623221,0.002691437852974919,274948.5546710181,22.898807187149192
k_a,85.74164189238076,740.0069476623221,0.002691437852974919,274948.5546710181,22.898807187149192
k_feces,85.00780559126163,740.0069476623221,0.002691437852974919,274948.5546710181,22.898807187149192
k_urine,23.848137367035378,740.0069476623221,0.002691437852974919,274948.5546710181,22.898807187149192
