Parameter,Fisher_Info_Diagonal,Max_Eigenvalue,Min_Eigenvalue,Condition_Number,Condition_Number_Per_Dim
k_elim,2379.8140946570475,2906.0526568638625,0.2395187446774492,12132.881962024863,6.558322886121206
k_a,251.75279960833143,2906.0526568638625,0.2395187446774492,12132.881962024863,6.558322886121206
k_feces,263.32002059421626,2906.0526568638625,0.2395187446774492,12132.881962024863,6.558322886121206
k_ehc,235.93438903770058,2906.0526568638625,0.2395187446774492,12132.881962024863,6.558322886121206
k_urine,47.37225151501412,2906.0526568638625,0.2395187446774492,12132.881962024863,6.558322886121206
