Parameter,Fisher_Info_Diagonal,Max_Eigenvalue,Min_Eigenvalue,Condition_Number,Condition_Number_Per_Dim
k_a,15652.050697163188,20346.478279289346,404.24269255045647,50.33233415035636,3.6921756777979686
k_elim,11048.580557452497,20346.478279289346,404.24269255045647,50.33233415035636,3.6921756777979686
k_renal,7631.418618973169,20346.478279289346,404.24269255045647,50.33233415035636,3.6921756777979686
