Parameter,Fisher_Info_Diagonal,Max_Eigenvalue,Min_Eigenvalue,Condition_Number,Condition_Number_Per_Dim
k_a,0.0003937633893754594,8496.940734892625,0.00039093703162507154,21734806.4970259,4662.060327476029
k_elim,8496.940732066267,8496.940734892625,0.00039093703162507154,21734806.4970259,4662.060327476029
