Parameter,Fisher_Info_Diagonal,Max_Eigenvalue,Min_Eigenvalue,Condition_Number,Condition_Number_Per_Dim
k_a,0.0003763183078913198,4358.365533399458,0.0003747035898413742,11631501.943294737,3410.498782186374
k_elim,4358.365531784741,4358.365533399458,0.0003747035898413742,11631501.943294737,3410.498782186374
