Parameter,Fisher_Info_Diagonal,Max_Eigenvalue,Min_Eigenvalue,Condition_Number,Condition_Number_Per_Dim
k_elim,20230.10262078291,54188.27765337369,3.389323577343591,15987.932818100591,11.244705317832715
k_a,10552.940035682383,54188.27765337369,3.389323577343591,15987.932818100591,11.244705317832715
k_feces,15499.581269669317,54188.27765337369,3.389323577343591,15987.932818100591,11.244705317832715
k_ehc,10169.418378182432,54188.27765337369,3.389323577343591,15987.932818100591,11.244705317832715
