Parameter,Fisher_Info_Diagonal,Max_Eigenvalue,Min_Eigenvalue,Condition_Number,Condition_Number_Per_Dim
k_elim,1996.12176467817,3998.7341192960203,56.787772627349185,70.41540694924555,2.896789405012343
k_a,802.3822655492052,3998.7341192960203,56.787772627349185,70.41540694924555,2.896789405012343
k_feces,385.9048515972883,3998.7341192960203,56.787772627349185,70.41540694924555,2.896789405012343
k_urine,2163.5307873171464,3998.7341192960203,56.787772627349185,70.41540694924555,2.896789405012343
