Parameter,Fisher_Info_Diagonal,Max_Eigenvalue,Min_Eigenvalue,Condition_Number,Condition_Number_Per_Dim
k_elim,1086.8721186781618,4288.3330538703785,60.86610107040496,70.45519555967587,4.130199295056653
k_a,2559.7385135145514,4288.3330538703785,60.86610107040496,70.45519555967587,4.130199295056653
k_urine,1170.8860368593978,4288.3330538703785,60.86610107040496,70.45519555967587,4.130199295056653
