Parameter,Fisher_Info_Diagonal,Max_Eigenvalue,Min_Eigenvalue,Condition_Number,Condition_Number_Per_Dim
k_a,430.01236928654646,10347.039912828455,20.344367698709117,508.59481435173785,4.748899534473557
k_elim,7581.235769557588,10347.039912828455,20.344367698709117,508.59481435173785,4.748899534473557
k_feces,2698.4519856746397,10347.039912828455,20.344367698709117,508.59481435173785,4.748899534473557
k_ehc,290.55286762833396,10347.039912828455,20.344367698709117,508.59481435173785,4.748899534473557
