Parameter,Fisher_Info_Diagonal,Max_Eigenvalue,Min_Eigenvalue,Condition_Number,Condition_Number_Per_Dim
k_elim,11501.420316856253,11501.42033013912,0.049541347444058144,232158.00383965072,481.82777404343426
k_a,0.049554630313340106,11501.42033013912,0.049541347444058144,232158.00383965072,481.82777404343426
