Parameter,Fisher_Info_Diagonal,Max_Eigenvalue,Min_Eigenvalue,Condition_Number,Condition_Number_Per_Dim
k_elim,8808.641766135213,17472.888530024655,0.3676280833968405,47528.70990860439,14.765188866893473
k_a,2882.2301568769826,17472.888530024655,0.3676280833968405,47528.70990860439,14.765188866893473
k_feces,2947.7304826439376,17472.888530024655,0.3676280833968405,47528.70990860439,14.765188866893473
k_ehc,2972.6402442133035,17472.888530024655,0.3676280833968405,47528.70990860439,14.765188866893473
