Parameter,Fisher_Info_Diagonal,Max_Eigenvalue,Min_Eigenvalue,Condition_Number,Condition_Number_Per_Dim
k_elim,1013.9129116601067,18430.258740105735,1.2889412020245512,14298.758322844493,6.777346111770119
k_a,5687.803421076007,18430.258740105735,1.2889412020245512,14298.758322844493,6.777346111770119
k_feces,6143.677183233393,18430.258740105735,1.2889412020245512,14298.758322844493,6.777346111770119
k_ehc,5668.065925397031,18430.258740105735,1.2889412020245512,14298.758322844493,6.777346111770119
k_urine,517.8247080861225,18430.258740105735,1.2889412020245512,14298.758322844493,6.777346111770119
