Parameter,Fisher_Info_Diagonal,Max_Eigenvalue,Min_Eigenvalue,Condition_Number,Condition_Number_Per_Dim
k_elim,127.37957372564763,127.38035668072472,0.010106417444650219,12603.908098824166,112.26712830933268
k_a,0.010889372521735247,127.38035668072472,0.010106417444650219,12603.908098824166,112.26712830933268
