Parameter,Fisher_Info_Diagonal,Max_Eigenvalue,Min_Eigenvalue,Condition_Number,Condition_Number_Per_Dim
k_elim,55.1368107241164,92.94175982258999,17.002595760154776,5.4663276792357225,2.338017895405363
k_urine,54.80754485862836,92.94175982258999,17.002595760154776,5.4663276792357225,2.338017895405363
