Parameter,Fisher_Info_Diagonal,Max_Eigenvalue,Min_Eigenvalue,Condition_Number,Condition_Number_Per_Dim
k_elim,1105.3097676245952,3682.0517502836333,907.5753696937422,4.057020356916613,2.0142046462354846
k_a,3484.3173523527807,3682.0517502836333,907.5753696937422,4.057020356916613,2.0142046462354846
