Parameter,Fisher_Info_Diagonal,Max_Eigenvalue,Min_Eigenvalue,Condition_Number,Condition_Number_Per_Dim
k_elim,1059.407973098281,1192.830537373267,591.9761852538886,2.0149975068028825,1.4195060784663385
k_a,725.3987495288745,1192.830537373267,591.9761852538886,2.0149975068028825,1.4195060784663385
