Parameter,Fisher_Info_Diagonal,Max_Eigenvalue,Min_Eigenvalue,Condition_Number,Condition_Number_Per_Dim
k_a,1915.0809593732035,2006.5361015051108,312.97971421562255,6.411073978177188,2.532009869289057
k_elim,404.43485634752983,2006.5361015051108,312.97971421562255,6.411073978177188,2.532009869289057
