Parameter,Fisher_Info_Diagonal,Max_Eigenvalue,Min_Eigenvalue,Condition_Number,Condition_Number_Per_Dim
k_elim,4558.542577085309,5085.284354063361,28.02697174912029,181.44251899861348,3.6701580478673175
k_feces,501.30610599070144,5085.284354063361,28.02697174912029,181.44251899861348,3.6701580478673175
k_ehc,311.383236836546,5085.284354063361,28.02697174912029,181.44251899861348,3.6701580478673175
k_urine,45.073968594754454,5085.284354063361,28.02697174912029,181.44251899861348,3.6701580478673175
