Parameter,Fisher_Info_Diagonal,Max_Eigenvalue,Min_Eigenvalue,Condition_Number,Condition_Number_Per_Dim
k_a,1.1001236826545187,5850.662140543853,1.0969911859820058,5333.372059235326,73.02993947166686
k_elim,5850.659008047181,5850.662140543853,1.0969911859820058,5333.372059235326,73.02993947166686
