Parameter,Fisher_Info_Diagonal,Max_Eigenvalue,Min_Eigenvalue,Condition_Number,Condition_Number_Per_Dim
k_elim,963.0178614191547,6598.50831865681,768.9580777371693,8.581102806117068,2.929351943027172
k_a,6404.448534974824,6598.50831865681,768.9580777371693,8.581102806117068,2.929351943027172
