Parameter,Fisher_Info_Diagonal,Max_Eigenvalue,Min_Eigenvalue,Condition_Number,Condition_Number_Per_Dim
k_elim,15704.925723378861,15704.925743216236,0.00018822836067949663,83435491.26455812,9134.302998289368
k_a,0.00020806573491365,15704.925743216236,0.00018822836067949663,83435491.26455812,9134.302998289368
