Parameter,Fisher_Info_Diagonal,Max_Eigenvalue,Min_Eigenvalue,Condition_Number,Condition_Number_Per_Dim
k_elim,0.17383315621876896,958.3306402872253,0.09417017379443132,10176.58353672801,21.670420269903754
k_a,475.32688073482035,958.3306402872253,0.09417017379443132,10176.58353672801,21.670420269903754
k_feces,483.29186931985737,958.3306402872253,0.09417017379443132,10176.58353672801,21.670420269903754
