Parameter,Fisher_Info_Diagonal,Max_Eigenvalue,Min_Eigenvalue,Condition_Number,Condition_Number_Per_Dim
k_a,6965.551385808651,14616.0758271222,5.307800571353699,2753.697248160649,7.244010108073994
k_elim,5095.657250569448,14616.0758271222,5.307800571353699,2753.697248160649,7.244010108073994
k_feces,1610.9651701333046,14616.0758271222,5.307800571353699,2753.697248160649,7.244010108073994
k_ehc,1853.320366664037,14616.0758271222,5.307800571353699,2753.697248160649,7.244010108073994
