Parameter,Fisher_Info_Diagonal,Max_Eigenvalue,Min_Eigenvalue,Condition_Number,Condition_Number_Per_Dim
k_elim,41639.95678288494,103307.72920006106,1.8376408146045777,56217.58527511305,15.398132303128618
k_a,20484.909750713447,103307.72920006106,1.8376408146045777,56217.58527511305,15.398132303128618
k_feces,22833.631393992422,103307.72920006106,1.8376408146045777,56217.58527511305,15.398132303128618
k_ehc,20389.064633010174,103307.72920006106,1.8376408146045777,56217.58527511305,15.398132303128618
