Parameter,Fisher_Info_Diagonal,Max_Eigenvalue,Min_Eigenvalue,Condition_Number,Condition_Number_Per_Dim
k_a,11910.006561673032,13923.347547730362,0.36710977689563407,37926.93200783002,13.955227739861451
k_elim,1994.6970017932408,13923.347547730362,0.36710977689563407,37926.93200783002,13.955227739861451
k_feces,1168.0332079122654,13923.347547730362,0.36710977689563407,37926.93200783002,13.955227739861451
k_ehc,92.30894461789053,13923.347547730362,0.36710977689563407,37926.93200783002,13.955227739861451
