Parameter,Fisher_Info_Diagonal,Max_Eigenvalue,Min_Eigenvalue,Condition_Number,Condition_Number_Per_Dim
k_elim,0.02390698928035893,2387.4021143572013,0.0017426342387082728,1369996.1020660666,34.21210788530759
k_a,1136.5233033783322,2387.4021143572013,0.0017426342387082728,1369996.1020660666,34.21210788530759
k_feces,1132.8169563147228,2387.4021143572013,0.0017426342387082728,1369996.1020660666,34.21210788530759
k_urine,182.52988974342855,2387.4021143572013,0.0017426342387082728,1369996.1020660666,34.21210788530759
