Parameter,Fisher_Info_Diagonal,Max_Eigenvalue,Min_Eigenvalue,Condition_Number,Condition_Number_Per_Dim
k_a,0.040601301885944435,61829.2901773432,0.026954359698500845,2293851.193978911,131.88287732185026
k_elim,257.69873446272254,61829.2901773432,0.026954359698500845,2293851.193978911,131.88287732185026
k_renal,61631.17671275445,61829.2901773432,0.026954359698500845,2293851.193978911,131.88287732185026
