Parameter,Fisher_Info_Diagonal,Max_Eigenvalue,Min_Eigenvalue,Condition_Number,Condition_Number_Per_Dim
k_elim,55.166952270173,93.02940453924327,16.977791932714,5.479476065435088,2.3408280725920663
k_urine,54.84024420178426,93.02940453924327,16.977791932714,5.479476065435088,2.3408280725920663
