Parameter,Fisher_Info_Diagonal,Max_Eigenvalue,Min_Eigenvalue,Condition_Number,Condition_Number_Per_Dim
k_elim,17786.64407149428,24747.586072507936,2.555888984826307,9682.574720353017,9.919681184318039
k_a,860.9172146793669,24747.586072507936,2.555888984826307,9682.574720353017,9.919681184318039
k_feces,6356.956326974608,24747.586072507936,2.555888984826307,9682.574720353017,9.919681184318039
k_ehc,863.7681141129079,24747.586072507936,2.555888984826307,9682.574720353017,9.919681184318039
