Parameter,Fisher_Info_Diagonal,Max_Eigenvalue,Min_Eigenvalue,Condition_Number,Condition_Number_Per_Dim
k_elim,6186.344303366872,14682.379694265963,2.6677196527313343,5503.719133018144,8.613190757391777
k_a,4640.70617434239,14682.379694265963,2.6677196527313343,5503.719133018144,8.613190757391777
k_feces,1879.1097280021577,14682.379694265963,2.6677196527313343,5503.719133018144,8.613190757391777
k_ehc,3518.506498850342,14682.379694265963,2.6677196527313343,5503.719133018144,8.613190757391777
