Parameter,Fisher_Info_Diagonal,Max_Eigenvalue,Min_Eigenvalue,Condition_Number,Condition_Number_Per_Dim
k_elim,26439.988672257277,51651.182299703745,2.1054519365337256,24532.11180148751,12.515082989036285
k_a,7130.507890548704,51651.182299703745,2.1054519365337256,24532.11180148751,12.515082989036285
k_feces,11689.219765479565,51651.182299703745,2.1054519365337256,24532.11180148751,12.515082989036285
k_ehc,7132.281404436272,51651.182299703745,2.1054519365337256,24532.11180148751,12.515082989036285
