Parameter,Fisher_Info_Diagonal,Max_Eigenvalue,Min_Eigenvalue,Condition_Number,Condition_Number_Per_Dim
k_a,2281.056147570719,4732.309267748623,136.3966469019763,34.695202376562634,3.261543248418766
k_elim,935.8780576042501,4732.309267748623,136.3966469019763,34.695202376562634,3.261543248418766
k_feces,2662.3084143443957,4732.309267748623,136.3966469019763,34.695202376562634,3.261543248418766
