CI_Level,Coverage,N
Param_only,0.4652071931196247,1279
Param_plus_Animal,0.5707584050039093,1279
Param_plus_Animal_plus_Obs,0.9124315871774824,1279
