Matrix,Sigma
brain,2.7069686628313434
liver,0.5062042225415742
feces,0.8544547916855615
muscle,0.7155327924727612
lung,0.3608486254058295
stomach,0.4
rest,0.4
intestine,0.4
spleen,0.30561886934067456
plasma,0.6770733843622629
kidney,0.4709700006185697
urine,1.6770177991007769
heart,0.2829614104448843
milk,0.887197618895781
