Matrix,Sigma
urine,0.3493858420901178
intestine,0.4
feces,0.39759137426785374
brain,0.20217537174030492
heart,0.13729726132573206
spleen,0.17754553887781144
rest,0.4
lung,0.27785936252549126
milk,0.35291659074431525
kidney,0.5476298293673229
plasma,0.4106508732280385
stomach,0.4
liver,0.19842891997545026
muscle,0.269825824761201
