Matrix,Sigma
heart,0.26662085785260214
rest,0.4
liver,0.5410338176363813
feces,0.6959733034675752
urine,1.1841999520669173
lung,0.36350411846791175
muscle,2.196461062941372
brain,3.074472779282316
milk,1.0847914870027
stomach,0.4
kidney,0.47652413740149063
spleen,0.3003994354659809
plasma,0.7535725375756364
intestine,0.4
