Matrix,Sigma
urine,0.27953213227283513
intestine,0.4
spleen,0.2991265021674534
kidney,0.8086162747255818
plasma,0.48636545855006996
brain,0.4071449147756175
lung,0.251671238683717
milk,0.5468573484387695
rest,0.4
feces,0.4793443679527103
stomach,0.4
muscle,0.24671360469473147
liver,0.16139917006517812
heart,0.34640885057846993
