Matrix,Sigma
spleen,0.34057617810589813
muscle,0.6193111876529891
heart,0.3823253100906719
feces,0.5541553294539356
kidney,0.6206835259403256
milk,0.7640669973580945
liver,0.35945208107756044
stomach,0.4
lung,0.35452387155006626
brain,2.8449963583787214
intestine,0.4
plasma,0.6976936020183785
rest,0.4
urine,1.428828392145921
