Matrix,Sigma
liver,0.2025735618866078
heart,0.14466171109442733
kidney,0.5432250473507146
lung,0.2819837228001357
rest,0.4
spleen,0.18523048392372019
stomach,0.4
milk,0.345997991047665
muscle,0.2739415164708822
intestine,0.4
feces,0.38894024452116627
brain,0.20971992184786536
plasma,0.4105993965405673
urine,0.34739902324802735
