Matrix,Sigma
urine,1.213111983989689
milk,0.7431082625174643
stomach,0.4
plasma,0.7031389970794908
spleen,0.33205700481202616
feces,0.600670787167994
kidney,0.5216704777243943
heart,0.3295206204349723
intestine,0.4
muscle,0.7612604054765898
liver,0.5034318730952061
lung,0.5121049858674996
rest,0.4
brain,2.811667347793351
