Matrix,Sigma
spleen,0.17085620444981306
milk,0.41191911910149587
intestine,0.4
lung,0.2568033099474168
muscle,0.24881953067584217
stomach,0.4
urine,0.3782321381644842
rest,0.4
feces,0.3018365629857311
plasma,0.3966265013221866
liver,0.17836212948044305
kidney,0.5424632423759705
brain,0.19527020009755364
heart,0.1302653416543949
