Matrix,Sigma
kidney,0.5420481940501134
feces,0.37140438872360415
stomach,0.4
milk,0.6010180399396203
plasma,0.2822913766073922
liver,0.16935346428287268
urine,0.3718550645664819
rest,0.4
spleen,0.16568108190442646
heart,0.12506829323307964
lung,0.2474434789632905
muscle,0.23947189079312695
intestine,0.4
brain,0.19005714908646168
