Matrix,Sigma
brain,2.674355768088624
rest,0.4
feces,0.5152732125302497
milk,0.723291279579165
heart,0.2939434864320202
liver,0.4645599482921313
muscle,0.7918292885940552
plasma,0.7134327859470929
stomach,0.4
spleen,0.298589477685094
intestine,0.4
urine,1.8862889084402796
lung,0.3812018457642282
kidney,0.42707589516324607
