Matrix,Sigma
stomach,0.4
spleen,0.1782150086935248
liver,0.19959296287456776
muscle,0.2710304647896413
urine,0.34942999232108735
intestine,0.4
heart,0.13796750849882314
kidney,0.5476828632803994
lung,0.2790669079631275
rest,0.4
brain,0.20284806428480562
feces,0.3843570072620176
plasma,0.4105151091122667
milk,0.34485394924450313
