Matrix,Sigma
heart,0.2838247982755867
muscle,0.8824699813786532
urine,1.6106916373725575
liver,0.5213199740453467
stomach,0.4
kidney,0.4666504334019394
milk,0.8993668392108403
brain,2.7200623373437356
plasma,0.699332962451555
feces,0.7769054381181113
intestine,0.4
spleen,0.31002896287821197
lung,0.36739290086475784
rest,0.4
