Parameter,Value,Compound,Isomer
k_a,0.2649191678766212,PFOS,Linear
k_elim,0.07123142088501569,PFOS,Linear
k_feces,0.03432546214183078,PFOS,Linear
k_ehc,0.159041915118562,PFOS,Linear
k_renal,0.06720439536993261,PFOS,Linear
