Parameter,Value,Compound,Isomer
k_elim,0.09158107842744936,PFOS,Linear
k_a,16.638981810195297,PFOS,Linear
k_feces,0.07156883886782335,PFOS,Linear
k_ehc,5.987792376703711,PFOS,Linear
k_urine,0.002846869304300526,PFOS,Linear
