Parameter,Value,Compound,Isomer
k_a,131.87254842229237,PFOS,Linear
k_elim,0.06772782206007123,PFOS,Linear
k_feces,0.06877980494627657,PFOS,Linear
k_ehc,49.479050385920345,PFOS,Linear
k_renal,0.05044520011685431,PFOS,Linear
