Parameter,Value,Compound,Isomer
k_elim,0.027618429580482037,PFOS,Linear
k_a,245.33850470278594,PFOS,Linear
k_feces,0.7814783271079254,PFOS,Linear
k_ehc,7.931820563141917,PFOS,Linear
k_urine,0.00466326302533977,PFOS,Linear
