Parameter,Value,Compound,Isomer
k_elim,0.09963701742217969,PFOS,Linear
k_a,144.95170604312358,PFOS,Linear
k_feces,1.066268406381523,PFOS,Linear
k_ehc,3.704439355629599,PFOS,Linear
k_urine,0.003088025306370658,PFOS,Linear
