Parameter,Value,Compound,Isomer
k_elim,0.02701115979695252,PFOS,Linear
k_a,227.7605898965344,PFOS,Linear
k_feces,0.3574272485029337,PFOS,Linear
k_ehc,16.631595413328387,PFOS,Linear
k_urine,0.004617413499573328,PFOS,Linear
