Parameter,Value,Compound,Isomer
k_elim,0.027640493340515063,PFOS,Linear
k_a,243.4824455299454,PFOS,Linear
k_feces,0.7790559116090584,PFOS,Linear
k_ehc,7.892613772461798,PFOS,Linear
k_urine,0.004666941122591165,PFOS,Linear
