Parameter,Value,Compound,Isomer
k_elim,0.09963701695527784,PFOS,Linear
k_a,144.9517059774066,PFOS,Linear
k_feces,1.0662684028539227,PFOS,Linear
k_ehc,3.704439346055275,PFOS,Linear
k_urine,0.0030880252979730172,PFOS,Linear
